ABORLAN,175301000,62
ABRADEILOG,175101000,60
ABUCAY,30801000,10
ABULUG,21501000,18
ABUYOG,83701000,47
ADAMS,12801000,38
AGDANGAN,45601000,65
AGLIPAY,25701000,66
AGNO,15501000,64
AGONCILLO,41001000,12
AGOO,13301000,43
AGUILAR,15502000,64
AGUINALDO,142708000,37
AGUTAYA,175302000,62
AJUY,63001000,40
AKBAR,150708000,9
ALABAT,45602000,65
ALABEL (Capital),128001000,70
ALAMADA,124701000,28
ALAMINOS,43401000,44
ALANGALANG,83702000,47
AL-BARKA,150709000,9
ALBUERA,83703000,47
ALBURQUERQUE,71201000,15
ALCALA,21502000,18
ALCALA,15504000,64
ALCANTARA,72201000,25
ALCANTARA,175901000,68
ALCOY,72202000,25
ALEGRIA,72203000,25
ALEGRIA,166701000,77
ALEOSAN,124717000,28
ALFONSO,42101000,24
ALFONSOCASTANEDA,25015000,59
ALFONSOLISTA (POTIA),142707000,37
ALIAGA,34901000,58
ALICIA,71202000,15
ALICIA,23101000,41
ALICIA,98301000,84
ALILEM,12901000,39
ALIMODIAN,63002000,40
ALITAGTAG,41002000,12
ALLACAPAN,21503000,18
ALLEN,84801000,57
ALMAGRO,86001000,69
ALMERIA,87801000,14
ALOGUINSAN,72204000,25
ALORAN,104201000,52
ALTAVAS,60401000,4
ALUBIJID,104301000,52
AMADEO,42102000,24
AMBAGUIO,25001000,59
AMLAN (AYUQUITAN),184601000,56
AMPATUAN,153801000,48
AMULUNG,21504000,18
ANAHAWAN,86401000,74
ANAO,36901000,79
ANDA,71203000,15
ANDA,15505000,64
ANGADANAN,23102000,41
ANGAT,31401000,17
ANGELESCITY,35401000,63
ANGONO,45801000,67
ANILAO,63003000,40
ANINI-Y,60601000,6
ANTEQUERA,71204000,15
ANTIPAS,124715000,28
APALIT,35402000,63
APARRI,21505000,18
ARACELI,175303000,62
ARAKAN,124718000,28
ARAYAT,35403000,63
ARGAO,72205000,25
ARINGAY,13302000,43
ARITAO,25002000,59
AROROY,54101000,50
ARTECHE,82601000,35
ASINGAN,15506000,64
ASIPULO,142711000,37
ASTURIAS,72206000,25
ASUNCION (SAUG),112301000,30
ATIMONAN,45603000,65
ATOK,141101000,13
AURORA,23103000,41
AURORA,97302000,83
AYUNGON,184602000,56
BAAO,51701000,20
BABATNGON,83705000,47
BACACAY,50501000,5
BACARRA,12802000,38
BACLAYON,71205000,15
BACNOTAN,13303000,43
BACO,175201000,61
BACOLOD,103501000,45
BACOLODCITY (Capital),184501000,55
BACOLOD-KALAWI (BACOLODGRANDE),153601000,46
BACOLOR,35404000,63
BACONG,184603000,56
BACOORCITY,42103000,24
BACUAG,166702000,77
BACUNGAN (LeonTPostigo),97226000,82
BADIAN,72207000,25
BADIANGAN,63004000,40
BADOC,12803000,38
BAGABAG,25003000,59
BAGAC,30802000,10
BAGAMANOC,52001000,23
BAGANGA,112501000,33
BAGGAO,21506000,18
BAGOCITY,184502000,55
BAGUIOCITY,141102000,13
BAGULIN,13304000,43
BAGUMBAYAN,126501000,75
BAISCITY,184604000,56
BAKUN,141103000,13
BALABAC,175304000,62
BALABAGAN,153602000,46
BALAGTAS (BIGAA),31402000,17
BALAMBAN,72208000,25
BALANGIGA,82602000,35
BALANGKAYAN,82603000,35
BALAOAN,13305000,43
BALASAN,63005000,40
BALATAN,51702000,20
BALAYAN,41003000,12
BALBALAN,143201000,42
BALENO,54102000,50
BALER (Capital),37701000,8
BALETE,60402000,4
BALETE,41004000,12
BALIANGAO,104202000,51
BALIGUIAN,97224000,82
BALILIHAN,71206000,15
BALINDONG (WATU),153603000,46
BALINGASAG,104302000,52
BALINGOAN,104303000,52
BALIUAG,31403000,17
BALLESTEROS,21507000,18
BALOI,103502000,45
BALUD,54103000,50
BALUNGAO,15507000,64
BAMBAN,36902000,79
BAMBANG,25004000,59
BANATE,63006000,40
BANAUE,142701000,37
BANAYBANAY,112502000,33
BANAYOYO,12902000,39
BANGA,60403000,4
BANGA,126302000,73
BANGAR,13306000,43
BANGUED (Capital),140101000,1
BANGUI,12804000,38
BANI,15508000,64
BANISILAN,124716000,28
BANNA (ESPIRITU),12811000,38
BANSALAN,112401000,31
BANSUD,175202000,61
BANTAY,12903000,39
BANTAYAN,72209000,25
BANTON,175902000,68
BARAS,52002000,23
BARAS,45803000,67
BARBAZA,60602000,6
BARCELONA,56202000,72
BARILI,72210000,25
BARIRA,153818000,48
BARLIG,144401000,53
BAROBO,166801000,78
BAROTACNUEVO,63007000,40
BAROTACVIEJO,63008000,40
BAROY,103503000,45
BARUGO,83706000,47
BASAY,184605000,56
BASCO (Capital),20901000,11
BASEY,86002000,69
BASILISA (RIZAL),168501000,34
BASISTA,15509000,64
BASUD,51601000,19
BATAD,63009000,40
BATAN,60404000,4
BATANGASCITY (Capital),41005000,12
BATARAZA,175305000,62
BATO,51703000,20
BATO,52003000,23
BATO,83707000,47
BATUAN,71207000,15
BATUAN,54104000,50
BAUAN,41006000,12
BAUANG,13307000,43
BAUKO,144402000,53
BAUNGON,101301000,16
BAUTISTA,15510000,64
BAY,43402000,44
BAYABAS,166802000,78
BAYAMBANG,15511000,64
BAYANG,153604000,46
BAYOG,97303000,83
BAYOMBONG (Capital),25005000,59
BELISON,60603000,6
BENITOSOLIVEN,23104000,41
BESAO,144403000,53
BIENUNIDO,71248000,15
BILAR,71208000,15
BILIRAN,87802000,14
BINALBAGAN,184503000,55
BINALONAN,15512000,64
BINANGONAN,45804000,67
BINDOY (PAYABON),184607000,56
BINGAWAN,63010000,40
BINIDAYAN,153605000,46
BINMALEY,15513000,64
BINUANGAN,104304000,52
BIRI,84802000,57
BOAC (Capital),174001000,49
BOBON,84803000,57
BOCAUE,31404000,17
BOKOD,141104000,13
BOLINAO,15514000,64
BOLINEY,140102000,1
BOLJOON,72212000,25
BOMBON,51704000,20
BONGABON,34902000,58
BONGABONG,175203000,61
BONGAO (Capital),157002000,80
BONIFACIO,104203000,51
BONTOC,86402000,74
BONTOC (Capital),144404000,53
BORBON,72213000,25
BOSTON,112503000,33
BOTOLAN,37101000,81
BRAULIOEDUJALI,112323000,30
BROOKE'SPOINT,175306000,62
BUADIPOSO-BUNTONG,153633000,46
BUBONG,153606000,46
BUCAY,140103000,1
BUCLOC,140104000,1
BUENAVISTA,160201000,2
BUENAVISTA,71209000,15
BUENAVISTA,67901000,36
BUENAVISTA,174002000,49
BUENAVISTA,45605000,65
BUGALLON,15515000,64
BUGASONG,60604000,6
BUGUEY,21508000,18
BUGUIAS,141105000,13
BUHI,51705000,20
BULA,51706000,20
BULACAN,31405000,17
BULALACAO (SANPEDRO),175204000,61
BULAN,56203000,72
BULDON,153802000,48
BULUAN,153803000,48
BULUSAN,56204000,72
BUMBARAN,153637000,46
BUNAWAN,160302000,3
BURAUEN,83710000,47
BURDEOS,45606000,65
BURGOS,12806000,38
BURGOS,12904000,39
BURGOS,23105000,41
BURGOS,13308000,43
BURGOS,15516000,64
BURGOS,166704000,77
BURUANGA,60405000,4
BUSTOS,31406000,17
BUSUANGA,175307000,62
BUTIG,153607000,46
BUTUANCITY (Capital),160202000,2
BUUG,98302000,84
CABA,13309000,43
CABAGAN,23106000,41
CABANATUANCITY,34903000,58
CABANGAN,37102000,81
CABANGLASAN,101322000,16
CABARROGUIS (Capital),25702000,66
CABATUAN,63012000,40
CABATUAN,23107000,41
CABIAO,34904000,58
CABUCGAYAN,87803000,14
CABUGAO,12905000,39
CABUSAO,51707000,20
CABUYAOCITY,43404000,44
CADIZCITY,184504000,55
CAGAYANCILLO,175308000,62
CAGAYANDEOROCITY (Capital),104305000,52
CAGDIANAO,168502000,34
CAGWAIT,166804000,78
CAIBIRAN,87804000,14
CAINTA,45805000,67
CAJIDIOCAN,175903000,68
CALABANGA,51708000,20
CALACA,41007000,12
CALAMBA,104204000,51
CALANASAN (BAYAG),148101000,7
CALANOGAS,153632000,46
CALAPE,71210000,15
CALASIAO,15517000,64
CALATAGAN,41008000,12
CALATRAVA,184505000,55
CALATRAVA,175904000,68
CALAUAG,45607000,65
CALAUAN,43406000,44
CALAYAN,21509000,18
CALBAYOGCITY,86003000,69
CALBIGA,86004000,69
CALINOG,63013000,40
CALINTAAN,175102000,60
CALOOCAN CITY,137501000,54
CALUBIAN,83713000,47
CALUMPIT,31407000,17
CALUYA,60605000,6
CAMALANIUGAN,21510000,18
CAMALIG,50502000,5
CAMALIGAN,51709000,20
CAMILING,36903000,79
CANAMAN,51710000,20
CAN-AVID,82605000,35
CANDABA,35405000,63
CANDELARIA,45608000,65
CANDELARIA,37103000,81
CANDIJAY,71211000,15
CANDONI,184506000,55
CANLAONCITY,184608000,56
CANTILAN,166805000,78
CAOAYAN,12907000,39
CAPALONGA,51602000,19
CAPAS,36904000,79
CAPOOCAN,83714000,47
CAPUL,84804000,57
CARAGA,112504000,33
CARAMOAN,51711000,20
CARAMORAN,52004000,23
CARASI,12807000,38
CARDONA,45806000,67
CARIGARA,83715000,47
CARLES,63014000,40
CARMEN,160204000,2
CARMEN,71212000,15
CARMEN,72215000,25
CARMEN,124702000,28
CARMEN,112303000,30
CARMEN,166806000,78
CARMONA,42104000,24
CARRANGLAN,34905000,58
CARRASCAL,166807000,78
CASIGURAN,37702000,8
CASIGURAN,56205000,72
CASTILLA,56206000,72
CASTILLEJOS,37104000,81
CATAINGAN,54105000,50
CATANAUAN,45610000,65
CATARMAN,101801000,21
CATARMAN (Capital),84805000,57
CATEEL,112505000,33
CATIGBIAN,71213000,15
CATMON,72216000,25
CATUBIG,84806000,57
CAUAYAN,184507000,55
CAVINTI,43407000,44
CAVITECITY,42105000,24
CAWAYAN,54106000,50
CEBUCITY (Capital),72217000,25
CERVANTES,12908000,39
CITY OF  ISABELA  (Capital),99701000,26
CITY OF  LAS PI베S,137601000,54
CITY OF  MAKATI,137602000,54
CITY OF  MALABON,137502000,54
CITY OF  MANDALUYONG,137401000,54
CITY OF  MARIKINA,137402000,54
CITY OF  MUNTINLUPA,137603000,54
CITY OF  NAVOTAS,137503000,54
CITY OF  PARA베QUE,137604000,54
CITY OF  PASIG,137403000,54
CITY OF  SAN JUAN,137405000,54
CITY OF  VALENZUELA,137504000,54
CITY OF ALAMINOS,15503000,64
CITY OF ANTIPOLO,45802000,67
CITY OF BALANGA (Capital),30803000,10
CITY OF BATAC,12805000,38
CITY OF BAYAWAN (TULONG),184606000,56
CITY OF BAYBAY,83708000,47
CITY OF BAYUGAN,160301000,3
CITY OF BI베N,43403000,44
CITY OF BISLIG,166803000,78
CITY OF BOGO,72211000,25
CITY OF BORONGAN (Capital),82604000,35
CITY OF CABADBARAN,160203000,2
CITY OF CALAMBA,43405000,44
CITY OF CALAPAN (Capital),175205000,61
CITY OF CANDON,12906000,39
CITY OF CARCAR,72214000,25
CITY OF CATBALOGAN (Capital),86005000,69
CITY OF CAUAYAN,23108000,41
CITY OF DASMARI베S,42106000,24
CITY OF DIGOS (Capital),112403000,31
CITY OF ELSALVADOR,104307000,52
CITY OF ESCALANTE,184509000,55
CITY OF GAPAN,34908000,58
CITY OF GENERALTRIAS,42108000,24
CITY OF GUIHULNGAN,184611000,56
CITY OF HIMAMAYLAN,184510000,55
CITY OF KABANKALAN,184515000,55
CITY OF KIDAPAWAN (Capital),124704000,28
CITY OF KORONADAL (Capital),126306000,73
CITY OF LAMITAN,150702000,9
CITY OF LIGAO,50508000,5
CITY OF MAASIN (Capital),86407000,74
CITY OF MALAYBALAY (Capital),101312000,16
CITY OF MALOLOS (Capital),31410000,17
CITY OF MASBATE (Capital),54111000,50
CITY OF MATI (Capital),112509000,33
CITY OF MEYCAUAYAN,31412000,17
CITY OF NAGA,72234000,25
CITY OF PANABO,112315000,30
CITY OF PASSI,63035000,40
CITY OF SANFERNANDO (Capital),13314000,43
CITY OF SANFERNANDO (Capital),35416000,63
CITY OF SANJOSEDELMONTE,31420000,17
CITY OF SANPEDRO,43425000,44
CITY OF SANTAROSA,43428000,44
CITY OF SANTIAGO,23135000,41
CITY OF SIPALAY,184527000,55
CITY OF SORSOGON (Capital),56216000,72
CITY OF TABACO,50517000,5
CITY OF TABUK (Capital),143213000,42
CITY OF TACURONG,126511000,75
CITY OF TAGUM (Capital),112319000,30
CITY OF TALISAY,72250000,25
CITY OF TALISAY,184528000,55
CITY OF TANAUAN,41031000,12
CITY OF TANDAG (Capital),166819000,78
CITY OF TANJAY,184621000,56
CITY OF TARLAC (Capital),36916000,79
CITY OF TAYABAS,45647000,65
CITY OF URDANETA,15546000,64
CITY OF VALENCIA,101321000,16
CITY OF VICTORIAS,184531000,55
CITY OF VIGAN (Capital),12934000,39
CLARIN,71214000,15
CLARIN,104205000,51
CLAVER,166706000,77
CLAVERIA,21511000,18
CLAVERIA,54107000,50
CLAVERIA,104306000,52
COLUMBIO,126502000,75
COMPOSTELA,72218000,25
COMPOSTELA,118201000,27
CONCEPCION,63015000,40
CONCEPCION,104206000,51
CONCEPCION,175905000,68
CONCEPCION,36905000,79
CONNER,148102000,7
CONSOLACION,72219000,25
CORCUERA,175906000,68
CORDON,23109000,41
CORDOVA,72220000,25
CORELLA,71215000,15
CORON,175309000,62
CORTES,71216000,15
CORTES,166808000,78
COTABATO CITY,129804000,29
CUARTERO,61901000,22
CUENCA,41009000,12
CULABA,87805000,14
CULASI,60606000,6
CULION,175322000,62
CURRIMAO,12808000,38
CUYAPO,34906000,58
CUYO,175310000,62
DAANBANTAYAN,72221000,25
DAET (Capital),51603000,19
DAGAMI,83717000,47
DAGOHOY,71217000,15
DAGUIOMAN,140105000,1
DAGUPANCITY,15518000,64
DALAGUETE,72222000,25
DAMULOG,101302000,16
DANAO,71218000,15
DANAOCITY,72223000,25
DANGCAGAN,101303000,16
DANGLAS,140106000,1
DAO,61902000,22
DAPA,166707000,77
DAPITANCITY,97201000,82
DARAGA (LOCSIN),50503000,5
DARAM,86006000,69
DASOL,15519000,64
DATUABDULLAHSANGKI,153828000,48
DATUANGGALMIDTIMBANG,153831000,48
DATUBLAHTSINSUAT,153830000,48
DATUHOF FERAMPATUAN,153835000,48
DATUODINSINSUAT (DINAIG),153807000,48
DATUPAGLAS,153805000,48
DATUPIANG,153806000,48
DATUSALIBO,153836000,48
DATUSAUDI-AMPATUAN,153826000,48
DATUUNSAY,153827000,48
DAUIN,184609000,56
DAUIS,71219000,15
DAVAOCITY,112402000,31
DELCARMEN,166708000,77
DELFINALBANO (MAGSAYSAY),23118000,41
DELGALLEGO,51712000,20
DIADI,25006000,59
DIFFUN,25703000,66
DILASAG,37703000,8
DIMASALANG,54108000,50
DIMATALING,97305000,83
DIMIAO,71220000,15
DINAGAT,168503000,34
DINALUNGAN,37704000,8
DINALUPIHAN,30804000,10
DINAPIGUE,23110000,41
DINAS,97306000,83
DINGALAN,37705000,8
DINGLE,63016000,40
DINGRAS,12809000,38
DIPACULAO,37706000,8
DIPLAHAN,98303000,84
DIPOLOGCITY (Capital),97202000,82
DITSAAN-RAMAIN,153624000,46
DIVILACAN,23111000,41
DO베REMEDIOSTRINIDAD,31424000,17
DOLORES,140107000,1
DOLORES,82606000,35
DOLORES,45615000,65
DONCARLOS,101304000,16
DONMARCELINO,118601000,32
DONSOL,56207000,72
DONVICTORIANOCHIONGBIAN (DONMARIANOMARCOS),104217000,51
DUE베S,63017000,40
DUERO,71221000,15
DULAG,83718000,47
DUMAGUETECITY (Capital),184610000,56
DUMALAG,61903000,22
DUMALINAO,97307000,83
DUMALNEG,12810000,38
DUMANGAS,63018000,40
DUMANJUG,72224000,25
DUMARAN,175311000,62
DUMARAO,61904000,22
DUMINGAG,97308000,83
DUPAXDELNORTE,25007000,59
DUPAXDELSUR,25008000,59
ECHAGUE,23112000,41
ELNIDO (BACUIT),175312000,62
ENRILE,21512000,18
ENRIQUEBMAGALONA (SARAVIA),184508000,55
ENRIQUEVILLANUEVA,76101000,71
ESPERANZA,160303000,3
ESPERANZA,54109000,50
ESPERANZA,126503000,75
ESTANCIA,63019000,40
FAMY,43408000,44
FERROL,175916000,68
FLORA,148103000,7
FLORIDABLANCA,35406000,63
GABALDON (BITULOK&SABANI),34907000,58
GAINZA,51713000,20
GALIMUYOD,12909000,39
GAMAY,84807000,57
GAMU,23113000,41
GANASSI,153609000,46
GANDARA,86007000,69
GARCHITORENA,51714000,20
GARCIAHERNANDEZ,71222000,15
GASAN,174003000,49
GATTARAN,21513000,18
GENERALEMILIOAGUINALDO,42107000,24
GENERALLUNA,45616000,65
GENERALLUNA,166710000,77
GENERALMACARTHUR,82607000,35
GENERALMAMERTONATIVIDAD,34909000,58
GENERALNAKAR,45617000,65
GENERALSANTOSCITY (DADIANGAS),126303000,73
GENERALTINIO (PAPAYA),34910000,58
GENMARIANOALVAREZ,42123000,24
GENSKPENDATUN,153819000,48
GERONA,36906000,79
GETAFE,71226000,15
GIGAQUIT,166711000,77
GIGMOTO,52005000,23
GINATILAN,72225000,25
GINGOOGCITY,104308000,52
GIPORLOS,82608000,35
GITAGUM,104309000,52
GLAN,128002000,70
GLORIA,175206000,61
GOA,51715000,20
GODOD,97225000,82
GONZAGA,21514000,18
GOVERNORGENEROSO,112506000,33
GREGORIODELPILAR (CONCEPCION),12910000,39
GUAGUA,35407000,63
GUBAT,56208000,72
GUIGUINTO,31408000,17
GUIMBA,34911000,58
GUIMBAL,63020000,40
GUINAYANGAN,45618000,65
GUINDULMAN,71223000,15
GUINDULUNGAN,153825000,48
GUINOBATAN,50504000,5
GUINSILIBAN,101802000,21
GUIPOS,97343000,83
GUIUAN,82609000,35
GUMACA,45619000,65
GUTALAC,97223000,82
HADJIMOHAMMADAJUL,150710000,9
HADJIMUHTAMAD,150712000,9
HADJIPANGLIMATAHIL (MARUNGGAS),156606000,76
HAGONOY,31409000,17
HAGONOY,112404000,31
HAMTIC,60608000,6
HERMOSA,30805000,10
HERNANI,82610000,35
HILONGOS,83719000,47
HINABANGAN,86008000,69
HINATUAN,166809000,78
HINDANG,83720000,47
HINGYON,142709000,37
HINIGARAN,184511000,55
HINOBA-AN (ASIA),184512000,55
HINUNANGAN,86403000,74
HINUNDAYAN,86404000,74
HUNGDUAN,142702000,37
IBA (Capital),37105000,81
IBAAN,41010000,12
IBAJAY,60406000,4
IGBARAS,63021000,40
IGUIG,21515000,18
ILAGANCITY (Capital),23114000,41
ILIGANCITY,103504000,45
ILOG,184513000,55
ILOILOCITY (Capital),63022000,40
IMELDA,98304000,84
IMPASUG-ONG,101305000,16
IMUSCITY,42109000,24
INABANGA,71224000,15
INDANAN,156601000,76
INDANG,42110000,24
INFANTA,15520000,64
INFANTA,45620000,65
INITAO,104310000,52
INOPACAN,83721000,47
IPIL (Capital),98305000,84
IRIGACITY,51716000,20
IROSIN,56209000,72
ISABEL,83722000,47
ISABELA,184514000,55
ISLANDGARDENCITY OF SAMAL,112317000,30
ISULAN (Capital),126504000,75
ITBAYAT,20902000,11
ITOGON,141106000,13
IVANA,20903000,11
IVISAN,61905000,22
JABONGA,160205000,2
JAEN,34912000,58
JAGNA,71225000,15
JALA-JALA,45807000,67
JAMINDAN,61906000,22
JANIUAY,63023000,40
JARO,83723000,47
JASAAN,104311000,52
JAVIER (BUGHO),83724000,47
JIABONG,86009000,69
JIMALALUD,184612000,56
JIMENEZ,104207000,51
JIPAPAD,82611000,35
JOLO (Capital),156602000,76
JOMALIG,45621000,65
JONES,23115000,41
JORDAN (Capital),67902000,36
JOSEABADSANTOS (TRINIDAD),118602000,32
JOSEDALMAN (PONOT),97222000,82
JOSEFINA,97337000,83
JOSEPANGANIBAN,51605000,19
JOVELLAR,50505000,5
JUBAN,56210000,72
JULITA,83725000,47
KABACAN,124703000,28
KABASALAN,98306000,84
KABAYAN,141107000,13
KABUGAO (Capital),148104000,7
KABUNTALAN (TUMBAO),153814000,48
KADINGILAN,101306000,16
KALAMANSIG,126505000,75
KALAWIT,97227000,82
KALAYAAN,43409000,44
KALAYAAN,175321000,62
KALIBO (Capital),60407000,4
KALILANGAN,101307000,16
KALINGALANCALUANG,156603000,76
KANANGA,83726000,47
KAPAI,153610000,46
KAPALONG,112305000,30
KAPANGAN,141108000,13
KAPATAGAN,103505000,45
KAPATAGAN,153639000,46
KASIBU,25009000,59
KATIPUNAN,97203000,82
KAUSWAGAN,103507000,45
KAWAYAN,87806000,14
KAWIT,42111000,24
KAYAPA,25010000,59
KIAMBA,128003000,70
KIANGAN,142703000,37
KIBAWE,101308000,16
KIBLAWAN,112406000,31
KIBUNGAN,141109000,13
KINOGUITAN,104312000,52
KITAOTAO,101309000,16
KITCHARAO,160206000,2
KOLAMBUGAN,103508000,45
KUMALARANG,97311000,83
LAAK (SANVICENTE),118202000,27
LABANGAN,97312000,83
LABASON,97205000,82
LABO,51606000,19
LABRADOR,15521000,64
LACARLOTACITY,184516000,55
LACASTELLANA,184517000,55
LACUB,140109000,1
LAGANGILANG,140110000,1
LAGAWE (Capital),142704000,37
LAGAYAN,140111000,1
LAGONGLONG,104313000,52
LAGONOY,51717000,20
LAGUINDINGAN,104314000,52
LAKESEBU,126319000,73
LAKEWOOD,97333000,83
LALA,103509000,45
LALIBERTAD,184613000,56
LALIBERTAD,97204000,82
LAL-LO,21516000,18
LAMBAYONG (MARIANOMARCOS),126508000,75
LAMBUNAO,63025000,40
LAMUT,142705000,37
LANGIDEN,140112000,1
LANGUYAN,157009000,80
LANTAPAN,101310000,16
LANTAWAN,150703000,9
LANUZA,166810000,78
LAOAC,15548000,64
LAOAGCITY (Capital),12812000,38
LAOANG,84808000,57
LAPAZ,140108000,1
LAPAZ,160304000,3
LAPAZ,83728000,47
LAPAZ,36907000,79
LAPINIG,84809000,57
LAPU-LAPUCITY (OPON),72226000,25
LAPUYAN,97313000,83
LARENA,76102000,71
LASAM,21517000,18
LASNAVAS,84810000,57
LASNIEVES,160207000,2
LATRINIDAD (Capital),141110000,13
LAUA-AN,60609000,6
LAUR,34913000,58
LAUREL,41011000,12
LAVEZARES,84811000,57
LAWAAN,82612000,35
LAZI,76103000,71
LEBAK,126506000,75
LEGANES,63026000,40
LEGAZPICITY (Capital),50506000,5
LEMERY,41012000,12
LEMERY,63027000,40
LEON,63028000,40
LEYTE,83729000,47
LEZO,60408000,4
LIAN,41013000,12
LIANGA,166811000,78
LIBACAO,60409000,4
LIBAGON,86405000,74
LIBERTAD,60610000,6
LIBERTAD,104315000,52
LIBJO (ALBOR),168504000,34
LIBMANAN,51718000,20
LIBON,50507000,5
LIBONA,101311000,16
LIBUNGAN,124705000,28
LICAB,34914000,58
LICUAN-BAAY (LICUAN),140113000,1
LIDLIDDA,12911000,39
LILA,71227000,15
LILIW,43410000,44
LILOAN,72227000,25
LILOAN,86406000,74
LILOY,97206000,82
LIMASAWA,86419000,74
LIMAY,30806000,10
LINAMON,103510000,45
LINAPACAN,175313000,62
LINGAYEN (Capital),15522000,64
LINGIG,166812000,78
LIPACITY,41014000,12
LLANERA,34915000,58
LLORENTE,82613000,35
LOAY,71228000,15
LOBO,41015000,12
LOBOC,71229000,15
LOOC,175103000,60
LOOC,175907000,68
LOON,71230000,15
LOPEDEVEGA,84824000,57
LOPEZ,45622000,65
LOPEZJAENA,104208000,51
LORETO,160305000,3
LORETO,168505000,34
LOSBA벮S,43411000,44
LUBA,140114000,1
LUBANG,175104000,60
LUBAO,35408000,63
LUBUAGAN,143206000,42
LUCBAN,45623000,65
LUCENACITY (Capital),45624000,65
LUGAIT,104316000,52
LUGUS,156617000,76
LUISIANA,43412000,44
LUMBA-BAYABAO (MAGUING),153611000,46
LUMBACA-UNAYAN,153641000,46
LUMBAN,43413000,44
LUMBATAN,153612000,46
LUMBAYANAGUE,153636000,46
LUNA,148105000,7
LUNA,23116000,41
LUNA,13310000,43
LUPAO,34916000,58
LUPI,51719000,20
LUPON,112507000,33
LUTAYAN,126507000,75
LUUK,156604000,76
MAASIM,128004000,70
MAASIN,63029000,40
MA-AYON,61907000,22
MABALACATCITY,35409000,63
MABINAY,184614000,56
MABINI,41016000,12
MABINI,71231000,15
MABINI,15523000,64
MABINI (DO베ALICIA),118203000,27
MABITAC,43414000,44
MABUHAY,98307000,84
MACABEBE,35410000,63
MACALELON,45625000,65
MACARTHUR,83730000,47
MACO,118204000,27
MACONACON,23117000,41
MACROHON,86408000,74
MADALAG,60410000,4
MADALUM,153613000,46
MADAMBA,153614000,46
MADDELA,25704000,66
MADRID,166813000,78
MADRIDEJOS,72228000,25
MAGALANG,35411000,63
MAGALLANES,160208000,2
MAGALLANES,42112000,24
MAGALLANES,56211000,72
MAGARAO,51720000,20
MAGDALENA,43415000,44
MAGDIWANG,175908000,68
MAGPET,124706000,28
MAGSAYSAY,112407000,31
MAGSAYSAY,103511000,45
MAGSAYSAY,175105000,60
MAGSAYSAY,175314000,62
MAGSAYSAY (LINUGOS),104317000,52
MAGSINGAL,12912000,39
MAGUING,153634000,46
MAHAPLAG,83731000,47
MAHATAO,20904000,11
MAHAYAG,97315000,83
MAHINOG,101803000,21
MAIGO,103512000,45
MAIMBUNG,156605000,76
MAINIT,166714000,77
MAITUM,128005000,70
MAJAYJAY,43416000,44
MAKATO,60411000,4
MAKILALA,124707000,28
MALABANG,153615000,46
MALABUYOC,72229000,25
MALALAG,112408000,31
MALANGAS,98308000,84
MALAPATAN,128006000,70
MALASIQUI,15524000,64
MALAY,60412000,4
MALIBCONG,140115000,1
MALILIPOT,50509000,5
MALIMONO,166715000,77
MALINAO,60413000,4
MALINAO,50510000,5
MALITA,118603000,32
MALITBOG,101313000,16
MALITBOG,86409000,74
MALLIG,23119000,41
MALUNGON,128007000,70
MALUSO,150704000,9
MALVAR,41017000,12
MAMASAPANO,153820000,48
MAMBAJAO (Capital),101804000,21
MAMBURAO (Capital),175106000,60
MAMBUSAO,61908000,22
MANABO,140116000,1
MANAOAG,15525000,64
MANAPLA,184518000,55
MANAY,112508000,33
MANDAON,54110000,50
MANDAUECITY,72230000,25
MANGALDAN,15526000,64
MANGATAREM,15527000,64
MANGUDADATU,153832000,48
MANITO,50511000,5
MANJUYOD,184615000,56
MANKAYAN,141111000,13
MANOLOF ORTICH,101314000,16
MANSALAY,175207000,61
MANTICAO,104318000,52
MANUKAN,97207000,82
MAPANAS,84812000,57
MAPANDAN,15528000,64
MAPUN (CAGAYANDETAWI-TAWI),157003000,80
MARABUT,86010000,69
MARAGONDON,42113000,24
MARAGUSAN (SANMARIANO),118205000,27
MARAMAG,101315000,16
MARANTAO,153616000,46
MARAWICITY (Capital),153617000,46
MARCOS,12813000,38
MARGOSATUBIG,97317000,83
MARIA,76104000,71
MARIAAURORA,37707000,8
MARIBOJOC,71232000,15
MARIHATAG,166814000,78
MARILAO,31411000,17
MARIPIPI,87807000,14
MARIVELES,30807000,10
MAROGONG,153631000,46
MASANTOL,35412000,63
MASINLOC,37106000,81
MASIU,153618000,46
MASLOG,82614000,35
MATAASNAKAHOY,41018000,12
MATAG-OB,83733000,47
MATALAM,124708000,28
MATALOM,83734000,47
MATANAO,112410000,31
MATANOG,153809000,48
MATNOG,56212000,72
MATUGUINAO,86011000,69
MATUNGAO,103513000,45
MAUBAN,45627000,65
MAWAB,118206000,27
MAYANTOC,36908000,79
MAYDOLONG,82615000,35
MAYORGA,83735000,47
MAYOYAO,142706000,37
MEDELLIN,72231000,25
MEDINA,104319000,52
MENDEZ (MENDEZ-NU벤Z),42114000,24
MERCEDES,51607000,19
MERCEDES,82616000,35
MERIDA,83736000,47
MEXICO,35413000,63
MIAGAO,63030000,40
MIDSALIP,97318000,83
MIDSAYAP,124709000,28
MILAGROS,54112000,50
MILAOR,51721000,20
MINA,63031000,40
MINALABAC,51722000,20
MINALIN,35414000,63
MINGLANILLA,72232000,25
M'LANG,124710000,28
MOALBOAL,72233000,25
MOBO,54113000,50
MOGPOG,174004000,49
MOISESPADILLA (MAGALLON),184519000,55
MOLAVE,97319000,83
MONCADA,36909000,79
MONDRAGON,84813000,57
MONKAYO,118207000,27
MONREAL,54114000,50
MONTEVISTA,118208000,27
MORONG,30808000,10
MORONG,45809000,67
MOTIONG,86012000,69
MULANAY,45628000,65
MULONDO,153619000,46
MUNAI,103514000,45
MURCIA,184520000,55
MUTIA,97208000,82
NAAWAN,104320000,52
NABAS,60414000,4
NABUA,51723000,20
NABUNTURAN (Capital),118209000,27
NAGA,98309000,84
NAGACITY,51724000,20
NAGBUKEL,12913000,39
NAGCARLAN,43417000,44
NAGTIPUNAN,25706000,66
NAGUILIAN,23120000,41
NAGUILIAN,13311000,43
NAIC,42115000,24
NAMPICUAN,34918000,58
NARRA,175315000,62
NARVACAN,12914000,39
NASIPIT,160209000,2
NASUGBU,41019000,12
NATIVIDAD,15529000,64
NATONIN,144405000,53
NAUJAN,175208000,61
NAVAL (Capital),87808000,14
NEWBATAAN,118210000,27
NEWCORELLA,112314000,30
NEWLUCENA,63032000,40
NEWWASHINGTON,60415000,4
NORALA,126311000,73
NORTHERNKABUNTALAN,153834000,48
NORZAGARAY,31413000,17
NOVELETA,42116000,24
NUEVAERA,12814000,38
NUEVAVALENCIA,67903000,36
NUMANCIA,60416000,4
NUNUNGAN,103515000,45
OAS,50512000,5
OBANDO,31414000,17
OCAMPO,51725000,20
ODIONGAN,175909000,68
OLDPANAMAO,156607000,76
OLONGAPOCITY,37107000,81
OLUTANGA,98310000,84
OMAR,156619000,76
OPOL,104321000,52
ORANI,30809000,10
ORAS,82617000,35
ORION,30810000,10
ORMOCCITY,83738000,47
OROQUIETACITY (Capital),104209000,51
OSLOB,72235000,25
OTON,63034000,40
OZAMISCITY,104210000,51
PADADA,112411000,31
PADREBURGOS,45629000,65
PADREBURGOS,86410000,74
PADREGARCIA,41020000,12
PAETE,43418000,44
PAGADIANCITY (Capital),97322000,83
PAGAGAWAN,153822000,48
PAGALUNGAN,153810000,48
PAGAYAWAN (TATARIKAN),153620000,46
PAGBILAO,45630000,65
PAGLAT,153823000,48
PAGSANGHAN,86026000,69
PAGSANJAN,43419000,44
PAGUDPUD,12815000,38
PAKIL,43420000,44
PALANAN,23121000,41
PALANAS,54115000,50
PALAPAG,84814000,57
PALAUIG,37108000,81
PALAYANCITY (Capital),34919000,58
PALIMBANG,126509000,75
PALO,83739000,47
PALOMPON,83740000,47
PALUAN,175107000,60
PAMBUJAN,84815000,57
PAMPLONA,21518000,18
PAMPLONA,51726000,20
PAMPLONA,184616000,56
PANAON,104211000,51
PANAY,61909000,22
PANDAG,153833000,48
PANDAMI,156618000,76
PANDAN,60611000,6
PANDAN,52006000,23
PANDI,31415000,17
PANGANIBAN (PAYO),52007000,23
PANGANTUCAN,101316000,16
PANGIL,43421000,44
PANGLAO,71233000,15
PANGLIMAESTINO (NEWPANAMAO),156616000,76
PANGLIMASUGALA (BALIMBING),157001000,80
PANGUTARAN,156608000,76
PANIQUI,36910000,79
PANITAN,61910000,22
PANTABANGAN,34920000,58
PANTAORAGAT,103516000,45
PANTAR,103523000,45
PANTUKAN,118211000,27
PANUKULAN,45631000,65
PAOAY,12816000,38
PAOMBONG,31416000,17
PARACALE,51608000,19
PARACELIS,144406000,53
PARANAS (WRIGHT),86022000,69
PARANG,153811000,48
PARANG,156609000,76
PASACAO,51727000,20
PASAY CITY,137605000,54
PASIL,143208000,42
PASTRANA,83741000,47
PASUQUIN,12817000,38
PATA,156610000,76
PATEROS,137606000,54
PATIKUL,156611000,76
PATNANUNGAN,45632000,65
PATNONGON,60612000,6
PAVIA,63036000,40
PAYAO,98311000,84
PE베BLANCA,21519000,18
PE베RANDA,34921000,58
PE베RRUBIA,140117000,1
PEREZ,45633000,65
PI베N (NEWPI베N),97209000,82
PIAGAPO,153621000,46
PIAT,21520000,18
PICONG (SULTANGUMANDER),153635000,46
PIDDIG,12818000,38
PIDIGAN,140118000,1
PIGKAWAYAN,124711000,28
PIKIT,124712000,28
PILA,43422000,44
PILAR,140119000,1
PILAR,30811000,10
PILAR,71234000,15
PILAR,61911000,22
PILAR,72236000,25
PILAR,56213000,72
PILAR,166716000,77
PILI (Capital),51728000,20
PILILLA,45810000,67
PINABACDAO,86013000,69
PINAMALAYAN,175209000,61
PINAMUNGAHAN,72237000,25
PINILI,12819000,38
PINTUYAN,86411000,74
PINUKPUK,143209000,42
PIODURAN,50513000,5
PIOVCORPUZ (LIMBUHAN),54116000,50
PITOGO,45634000,65
PITOGO,97338000,83
PLACER,54117000,50
PLACER,166717000,77
PLARIDEL,31417000,17
PLARIDEL,104212000,51
PLARIDEL,45635000,65
POLA,175210000,61
POLANCO,97210000,82
POLANGUI,50514000,5
POLILLO,45636000,65
POLOMOLOK,126312000,73
PONTEVEDRA,61912000,22
PONTEVEDRA,184521000,55
POONABAYABAO (GATA),153622000,46
POONAPIAGAPO,103517000,45
PORAC,35415000,63
PORO,72238000,25
POTOTAN,63037000,40
POZORRUBIO,15530000,64
PRESCARLOSPGARCIA (PITOGO),71235000,15
PRESENTACION (PARUBCAN),51729000,20
PRESIDENTQUIRINO,126510000,75
PRESIDENTROXAS,61913000,22
PRESIDENTROXAS,124713000,28
PRESMANUELAROXAS,97211000,82
PRIETODIAZ,56214000,72
PROSPERIDAD (Capital),160306000,3
PUALAS,153623000,46
PUDTOL,148106000,7
PUERTOGALERA,175211000,61
PUERTOPRINCESACITY (Capital),175316000,62
PUGO,13312000,43
PULILAN,31418000,17
PULUPANDAN,184522000,55
PURA,36911000,79
QUEZON,101317000,16
QUEZON,23122000,41
QUEZON,34922000,58
QUEZON,25011000,59
QUEZON,175317000,62
QUEZON,45637000,65
QUEZON CITY,137404000,54
QUINAPONDAN,82618000,35
QUIRINO,23123000,41
QUIRINO (ANGKAKI),12915000,39
RAGAY,51730000,20
RAJAHBUAYAN,153829000,48
RAMON,23124000,41
RAMONMAGSAYSAY (LIARGO),97323000,83
RAMOS,36912000,79
RAPU-RAPU,50515000,5
REAL,45638000,65
REINAMERCEDES,23125000,41
REMEDIOSTROMUALDEZ,160212000,2
RIZAL,21521000,18
RIZAL,43423000,44
RIZAL,34923000,58
RIZAL,175108000,60
RIZAL,97212000,82
RIZAL (LIWAN),143211000,42
RIZAL (MARCOS),175323000,62
RODRIGUEZ (MONTALBAN),45808000,67
ROMBLON (Capital),175910000,68
RONDA,72239000,25
ROSALES,15531000,64
ROSARIO,160307000,3
ROSARIO,41021000,12
ROSARIO,42117000,24
ROSARIO,13313000,43
ROSARIO,84816000,57
ROSELLERLIM,98312000,84
ROXAS,23126000,41
ROXAS,175212000,61
ROXAS,175318000,62
ROXASCITY (Capital),61914000,22
SABANGAN,144407000,53
SABLAN,141112000,13
SABLAYAN,175109000,60
SABTANG,20905000,11
SADANGA,144408000,53
SAG베Y,51731000,20
SAGADA,144409000,53
SAGAY,101805000,21
SAGAYCITY,184523000,55
SAGBAYAN (BORJA),71236000,15
SAGUDAY,25705000,66
SAGUIARAN,153625000,46
SAINTBERNARD,86412000,74
SALAY,104322000,52
SALCEDO,82619000,35
SALCEDO (BAUGEN),12916000,39
SALLAPADAN,140120000,1
SALUG,97213000,82
SALVADOR,103518000,45
SALVADORBENEDICTO,184532000,55
SAMAL,30812000,10
SAMBOAN,72240000,25
SAMPALOC,45639000,65
SANAGUSTIN,23127000,41
SANAGUSTIN,175911000,68
SANAGUSTIN,166815000,78
SANANDRES,45640000,65
SANANDRES,175912000,68
SANANDRES (CALOLBON),52008000,23
SANANTONIO,84817000,57
SANANTONIO,34924000,58
SANANTONIO,45641000,65
SANANTONIO,37109000,81
SANBENITO,166718000,77
SANCARLOSCITY,184524000,55
SANCARLOSCITY,15532000,64
SANCHEZ-MIRA,21522000,18
SANCLEMENTE,36913000,79
SANDIONISIO,63038000,40
SANEMILIO,12917000,39
SANENRIQUE,63039000,40
SANENRIQUE,184525000,55
SANESTEBAN,12918000,39
SANFABIAN,15533000,64
SANFELIPE,37110000,81
SANFERNANDO,101318000,16
SANFERNANDO,51732000,20
SANFERNANDO,72241000,25
SANFERNANDO,54118000,50
SANFERNANDO,175913000,68
SANFRANCISCO,160308000,3
SANFRANCISCO,72242000,25
SANFRANCISCO,86413000,74
SANFRANCISCO (ANAO-AON),166719000,77
SANFRANCISCO (AURORA),45642000,65
SANGABRIEL,13315000,43
SANGUILLERMO,23128000,41
SANILDEFONSO,31419000,17
SANILDEFONSO,12919000,39
SANISIDRO,140121000,1
SANISIDRO,71237000,15
SANISIDRO,112324000,30
SANISIDRO,112510000,33
SANISIDRO,23129000,41
SANISIDRO,83742000,47
SANISIDRO,84818000,57
SANISIDRO,34925000,58
SANISIDRO,166720000,77
SANJACINTO,54119000,50
SANJACINTO,15534000,64
SANJOAQUIN,63040000,40
SANJORGE,86025000,69
SANJOSE,41022000,12
SANJOSE,51733000,20
SANJOSE,184617000,56
SANJOSE,84819000,57
SANJOSE,175110000,60
SANJOSE,175914000,68
SANJOSE,36918000,79
SANJOSE (Capital),60613000,6
SANJOSE (Capital),168506000,34
SANJOSECITY,34926000,58
SANJOSEDEBUAN,86014000,69
SANJUAN,140122000,1
SANJUAN,41023000,12
SANJUAN,13316000,43
SANJUAN,76105000,71
SANJUAN (CABALIAN),86414000,74
SANJUAN (LAPOG),12920000,39
SANJULIAN,82620000,35
SANLEONARDO,34927000,58
SANLORENZO,67904000,36
SANLORENZORUIZ (IMELDA),51604000,19
SANLUIS,160309000,3
SANLUIS,37708000,8
SANLUIS,41024000,12
SANLUIS,35417000,63
SANMANUEL,23130000,41
SANMANUEL,15535000,64
SANMANUEL,36914000,79
SANMARCELINO,37111000,81
SANMARIANO,23131000,41
SANMATEO,23132000,41
SANMATEO,45811000,67
SANMIGUEL,71238000,15
SANMIGUEL,31421000,17
SANMIGUEL,52009000,23
SANMIGUEL,63041000,40
SANMIGUEL,83743000,47
SANMIGUEL,166816000,78
SANMIGUEL,97324000,83
SANNARCISO,45644000,65
SANNARCISO,37112000,81
SANNICOLAS,41025000,12
SANNICOLAS,12820000,38
SANNICOLAS,15536000,64
SANPABLO,23133000,41
SANPABLO,97325000,83
SANPABLOCITY,43424000,44
SANPASCUAL,41026000,12
SANPASCUAL,54120000,50
SANPOLICARPO,82621000,35
SANQUINTIN,140123000,1
SANQUINTIN,15537000,64
SANRAFAEL,31422000,17
SANRAFAEL,63042000,40
SANREMIGIO,60614000,6
SANREMIGIO,72243000,25
SANRICARDO,86415000,74
SANROQUE,84820000,57
SANSEBASTIAN,86015000,69
SANSIMON,35418000,63
SANTA,12922000,39
SANTAANA,21523000,18
SANTAANA,35419000,63
SANTABARBARA,63043000,40
SANTABARBARA,15538000,64
SANTACATALINA,12923000,39
SANTACATALINA,184618000,56
SANTACRUZ,112412000,31
SANTACRUZ,12924000,39
SANTACRUZ,174005000,49
SANTACRUZ,175111000,60
SANTACRUZ,37113000,81
SANTACRUZ (Capital),43426000,44
SANTAELENA,51610000,19
SANTAFE,72244000,25
SANTAFE,83744000,47
SANTAFE,25012000,59
SANTAFE,175915000,68
SANTAIGNACIA,36915000,79
SANTAJOSEFA,160310000,3
SANTALUCIA,12925000,39
SANTAMAGDALENA,56215000,72
SANTAMARCELA,148107000,7
SANTAMARGARITA,86016000,69
SANTAMARIA,31423000,17
SANTAMARIA,118604000,32
SANTAMARIA,12926000,39
SANTAMARIA,23134000,41
SANTAMARIA,43427000,44
SANTAMARIA,15539000,64
SANTAMARIA (IMELDA),175917000,68
SANTAMONICA (SAPAO),166721000,77
SANTANDER,72245000,25
SANTAPRAXEDES,21524000,18
SANTARITA,35420000,63
SANTARITA,86017000,69
SANTAROSA,34928000,58
SANTATERESITA,41027000,12
SANTATERESITA,21525000,18
SANTEODORO,175213000,61
SANTIAGO,160210000,2
SANTIAGO,12927000,39
SANTODOMINGO,12928000,39
SANTODOMINGO,34929000,58
SANTODOMINGO (LIBOG),50516000,5
SANTOL,13318000,43
SANTONI벮,86018000,69
SANTONI벮,126318000,73
SANTONI벮 (FAIRE),21526000,18
SANTOTOMAS,41028000,12
SANTOTOMAS,112318000,30
SANTOTOMAS,23136000,41
SANTOTOMAS,13317000,43
SANTOTOMAS,35421000,63
SANTOTOMAS,15540000,64
SANVICENTE,51609000,19
SANVICENTE,12921000,39
SANVICENTE,84821000,57
SANVICENTE,175319000,62
SAPAD,103519000,45
SAPANGDALAGA,104213000,51
SAPA-SAPA,157010000,80
SAPI-AN,61915000,22
SARA,63044000,40
SARANGANI,118605000,32
SARIAYA,45645000,65
SARRAT,12821000,38
SASMUAN (Sexmoan),35422000,63
SCIENCECITY OF MU벮Z,34917000,58
SEBASTE,60615000,6
SENNINOYAQUINO,126512000,75
SERGIOOSME베SR,97214000,82
SEVILLA,71239000,15
SHARIFFAGUAK (MAGANOY) (Capital),153808000,48
SHARIFFSAYDONAMUSTAPHA,153837000,48
SIASI,156612000,76
SIATON,184619000,56
SIAY,98313000,84
SIAYAN,97215000,82
SIBAGAT,160314000,3
SIBALOM,60616000,6
SIBONGA,72246000,25
SIBUCO,97216000,82
SIBULAN,184620000,56
SIBUNAG,67905000,36
SIBUTAD,97217000,82
SIBUTU,157011000,80
SIERRABULLONES,71240000,15
SIGAY,12929000,39
SIGMA,61916000,22
SIKATUNA,71241000,15
SILAGO,86416000,74
SILANG,42118000,24
SILAYCITY,184526000,55
SILVINOLOBOS,84822000,57
SIMUNUL,157004000,80
SINACABAN,104214000,51
SINAIT,12930000,39
SINDANGAN,97218000,82
SINILOAN,43429000,44
SIOCON,97219000,82
SIPOCOT,51734000,20
SIQUIJOR (Capital),76106000,71
SIRAWAI,97220000,82
SIRUMA,51735000,20
SISON,15541000,64
SISON,166722000,77
SITANGKAI,157005000,80
SOCORRO,175214000,61
SOCORRO,166723000,77
SOF RONIOESPA벮LA,175324000,62
SOGOD,72247000,25
SOGOD,86417000,74
SOLANA,21527000,18
SOLANO,25013000,59
SOLSONA,12822000,38
SOMINOT (DONMARIANOMARCOS),97340000,83
SOUTHUBIAN,157006000,80
SOUTHUPI,153817000,48
SUAL,15542000,64
SUBIC,37114000,81
SUDIPEN,13319000,43
SUGBONGCOGON,104323000,52
SUGPON,12931000,39
SULAT,82622000,35
SULOP,112414000,31
SULTANDUMALONDONG,153640000,46
SULTANKUDARAT (NULING),153812000,48
SULTANMASTURA,153824000,48
SULTANNAGADIMAPORO (KAROMATAN),103506000,45
SULTANSABARONGIS (LAMBAYONG),153813000,48
SUMILAO,101319000,16
SUMISIP,150705000,9
SURALLAH,126313000,73
SURIGAOCITY (Capital),166724000,77
SUYO,12932000,39
TAAL,41029000,12
TABANGO,83745000,47
TABINA,97327000,83
TABOGON,72248000,25
TABONTABON,83746000,47
TABUAN-LASA,150713000,9
TABUELAN,72249000,25
TACLOBANCITY (Capital),83747000,47
TADIAN,144410000,53
TAFT,82623000,35
TAGANA-AN,166725000,77
TAGAPUL-AN,86024000,69
TAGAYTAYCITY,42119000,24
TAGBILARANCITY (Capital),71242000,15
TAGBINA,166817000,78
TAGKAWAYAN,45646000,65
TAGO,166818000,78
TAGOLOAN,103520000,45
TAGOLOAN,104324000,52
TAGOLOANII,153638000,46
TAGUDIN,12933000,39
TAGUIG CITY,137607000,54
TALACOGON,160311000,3
TALAINGOD,112322000,30
TALAKAG,101320000,16
TALALORA,86019000,69
TALAVERA,34930000,58
TALAYAN,153816000,48
TALIBON,71243000,15
TALIPAO,156613000,76
TALISAY,41030000,12
TALISAY,51611000,19
TALISAYAN,104325000,52
TALITAY,153821000,48
TALUGTUG,34931000,58
TALUSAN,98314000,84
TAMBULIG,97328000,83
TAMPAKAN,126314000,73
TAMPARAN,153626000,46
TAMPILISAN,97221000,82
TANAUAN,83748000,47
TANAY,45812000,67
TANDUBAS,157007000,80
TANGALAN,60417000,4
TANGCAL,103521000,45
TANGUBCITY,104215000,51
TANTANGAN,126315000,73
TANUDAN,143214000,42
TANZA,42120000,24
TAPAZ,61917000,22
TAPUL,156614000,76
TARAKA,153627000,46
TARANGNAN,86020000,69
TARRAGONA,112511000,33
TAYASAN,184622000,56
TAYSAN,41032000,12
TAYTAY,175320000,62
TAYTAY,45813000,67
TAYUG,15543000,64
TAYUM,140124000,1
T'BOLI,126316000,73
TERESA,45814000,67
TERNATE,42121000,24
TIAONG,45648000,65
TIBIAO,60617000,6
TIGAON,51736000,20
TIGBAO,97344000,83
TIGBAUAN,63045000,40
TINAMBAC,51737000,20
TINEG,140125000,1
TINGLAYAN,143215000,42
TINGLOY,41033000,12
TINOC,142710000,37
TIPO-TIPO,150706000,9
TITAY,98315000,84
TIWI,50518000,5
TOBIASFORNIER (DAO),60607000,6
TOBOSO,184529000,55
TOLEDOCITY,72251000,25
TOLOSA,83749000,47
TOMASOPPUS,86418000,74
TONGKIL,156615000,76
TORRIJOS,174006000,49
TRECEMARTIRESCITY (Capital),42122000,24
TRENTO,160312000,3
TRINIDAD,71244000,15
TUAO,21528000,18
TUBA,141113000,13
TUBAJON,168507000,34
TUBAO,13320000,43
TUBARAN,153628000,46
TUBAY,160211000,2
TUBIGON,71245000,15
TUBLAY,141114000,13
TUBO,140126000,1
TUBOD,166727000,77
TUBOD (Capital),103522000,45
TUBUNGAN,63046000,40
TUBURAN,150707000,9
TUBURAN,72252000,25
TUDELA,72253000,25
TUDELA,104216000,51
TUGAYA,153629000,46
TUGUEGARAOCITY (Capital),21529000,18
TUKURAN,97330000,83
TULUNAN,124714000,28
TUMAUINI,23137000,41
TUNGA,83750000,47
TUNGAWAN,98316000,84
TUPI,126317000,73
TURTLEISLANDS,157008000,80
TUY,41034000,12
UBAY,71246000,15
UMINGAN,15544000,64
UNGKAYAPUKAN,150711000,9
UNISAN,45649000,65
UPI,153815000,48
URBIZTONDO,15545000,64
USON,54121000,50
UYUGAN,20906000,11
VALDERRAMA,60618000,6
VALENCIA,71247000,15
VALENCIA (LUZURRIAGA),184623000,56
VALLADOLID,184530000,55
VALLEHERMOSO,184624000,56
VERUELA,160313000,3
VICTORIA,43430000,44
VICTORIA,84823000,57
VICTORIA,175215000,61
VICTORIA,36917000,79
VIGA,52010000,23
VILLABA,83751000,47
VILLANUEVA,104326000,52
VILLAREAL,86021000,69
VILLASIS,15547000,64
VILLAVERDE,25014000,59
VILLAVICIOSA,140127000,1
VINCENZOASAGUN,97341000,83
VINTAR,12823000,38
VINZONS,51612000,19
VIRAC (Capital),52011000,23
WAO,153630000,46
ZAMBOANGACITY,97332000,83
ZAMBOANGUITA,184625000,56
ZARAGOZA,34932000,58
ZARRAGA,63047000,40
ZUMARRAGA,86023000,69
