OPTIMIZE TABLE `project`, `database_connection`, `table`, `table_fields`, `table_fields_list`, `table_fields_list_source_select`, `table_fields_list_source_where`, `table_pages`, `table_relations`,`table_fields_predefined_list`, `table_fields_predefined_list_items`;


INSERT INTO `project`(Project_ID, Project_Name, Client_Name, Project_Description, Base_Directory, Database_Connection_ID) VALUES('tl05Ti9Zu+yEKfnKwsEg6g', 'Barangay System', 'Abner Arrieta', '.', 'barangay', 'asA4eUoQwVAK5WhaYZhm/A');


INSERT INTO `database_connection`(DB_Connection_ID, Project_ID, DB_Connection_Name, Hostname, Username, Password, `Database`) VALUES('asA4eUoQwVAK5WhaYZhm/A', 'tl05Ti9Zu+yEKfnKwsEg6g', 'con1', 'localhost', 'root', '','barangay');


INSERT INTO `table`(Table_ID, Project_ID, DB_Connection_ID, Table_Name, Remarks) VALUES('eMlTu8EECJPabVuAAQ5YGw', 'tl05Ti9Zu+yEKfnKwsEg6g', 'asA4eUoQwVAK5WhaYZhm/A', 'citizen', '');
INSERT INTO `table`(Table_ID, Project_ID, DB_Connection_ID, Table_Name, Remarks) VALUES('GbZ32jMOAG1IL+2OvG2FZw', 'tl05Ti9Zu+yEKfnKwsEg6g', 'asA4eUoQwVAK5WhaYZhm/A', 'requirement', '');
INSERT INTO `table`(Table_ID, Project_ID, DB_Connection_ID, Table_Name, Remarks) VALUES('ZgkUDG2+2CfYZgLCtJMhug', 'tl05Ti9Zu+yEKfnKwsEg6g', 'asA4eUoQwVAK5WhaYZhm/A', 'validate', '');
INSERT INTO `table`(Table_ID, Project_ID, DB_Connection_ID, Table_Name, Remarks) VALUES('sNPX8SDQLdoj9nohFo/8hg', 'tl05Ti9Zu+yEKfnKwsEg6g', 'asA4eUoQwVAK5WhaYZhm/A', 'request', '');
INSERT INTO `table`(Table_ID, Project_ID, DB_Connection_ID, Table_Name, Remarks) VALUES('Fw9sl4QTuc+6vXo5UsTY3A', 'tl05Ti9Zu+yEKfnKwsEg6g', 'asA4eUoQwVAK5WhaYZhm/A', 'official', '');
INSERT INTO `table`(Table_ID, Project_ID, DB_Connection_ID, Table_Name, Remarks) VALUES('/JbVahG+bXOwlVZX5p5Cew', 'tl05Ti9Zu+yEKfnKwsEg6g', 'asA4eUoQwVAK5WhaYZhm/A', 'service', '');
INSERT INTO `table`(Table_ID, Project_ID, DB_Connection_ID, Table_Name, Remarks) VALUES('EWrv8xXi6ejoCPQ3gHEC8A', 'tl05Ti9Zu+yEKfnKwsEg6g', 'asA4eUoQwVAK5WhaYZhm/A', 'bulletin', '');
INSERT INTO `table`(Table_ID, Project_ID, DB_Connection_ID, Table_Name, Remarks) VALUES('EKgWyirhUhwYC3TQu8CeLg', 'tl05Ti9Zu+yEKfnKwsEg6g', 'asA4eUoQwVAK5WhaYZhm/A', 'request_has_requirement', '');


INSERT INTO `table_fields`(Field_ID, Table_ID, Field_Name, Data_Type, Nullable, Length, Attribute, Control_Type, Label, In_Listview, Auto_Increment) VALUES('dnxsghJY9Oli02qY+clEmg', 'EWrv8xXi6ejoCPQ3gHEC8A', 'bulletin_id', 'integer', 'NO', '11', 'primary key', 'none', 'Bulletin ID', 'no', 'Y');
INSERT INTO `table_fields`(Field_ID, Table_ID, Field_Name, Data_Type, Nullable, Length, Attribute, Control_Type, Label, In_Listview, Auto_Increment) VALUES('TrKRgsFW1YcfsYYgglSN3w', 'EWrv8xXi6ejoCPQ3gHEC8A', 'bulletin_date', 'date', 'NO', '0', '', 'date controls', 'Bulletin Date', 'yes', 'N');
INSERT INTO `table_fields`(Field_ID, Table_ID, Field_Name, Data_Type, Nullable, Length, Attribute, Control_Type, Label, In_Listview, Auto_Increment) VALUES('lcBc7mzMKT5wm4ifdqsMZw', 'EWrv8xXi6ejoCPQ3gHEC8A', 'bulletin_name', 'varchar', 'NO', '45', '', 'textbox', 'Bulletin Name', 'yes', 'N');
INSERT INTO `table_fields`(Field_ID, Table_ID, Field_Name, Data_Type, Nullable, Length, Attribute, Control_Type, Label, In_Listview, Auto_Increment) VALUES('Cg3e/Hz/P0WKsjga7o2VnQ', 'EWrv8xXi6ejoCPQ3gHEC8A', 'bulletin_description', 'text', 'NO', '0', '', 'textarea', 'Bulletin Description', 'yes', 'N');
INSERT INTO `table_fields`(Field_ID, Table_ID, Field_Name, Data_Type, Nullable, Length, Attribute, Control_Type, Label, In_Listview, Auto_Increment) VALUES('NyEX4XH9CKKqEOu0bTh8DQ', 'EWrv8xXi6ejoCPQ3gHEC8A', 'filename', 'varchar', 'NO', '45', '', 'textbox', 'Filename', 'yes', 'N');
INSERT INTO `table_fields`(Field_ID, Table_ID, Field_Name, Data_Type, Nullable, Length, Attribute, Control_Type, Label, In_Listview, Auto_Increment) VALUES('v89r/hqL1WhHEcyjgR5RCQ', 'EWrv8xXi6ejoCPQ3gHEC8A', 'category', 'varchar', 'NO', '45', 'none', 'drop-down list', 'Category', 'yes', 'N');
INSERT INTO `table_fields`(Field_ID, Table_ID, Field_Name, Data_Type, Nullable, Length, Attribute, Control_Type, Label, In_Listview, Auto_Increment) VALUES('iMBnFkPlygSfUWTzmPhT3Q', 'EWrv8xXi6ejoCPQ3gHEC8A', 'official_id', 'integer', 'NO', '11', 'foreign key', 'drop-down list', 'Official', 'yes', 'N');
INSERT INTO `table_fields`(Field_ID, Table_ID, Field_Name, Data_Type, Nullable, Length, Attribute, Control_Type, Label, In_Listview, Auto_Increment) VALUES('zIJ+Jp/ZfWY4munTZfytMg', 'eMlTu8EECJPabVuAAQ5YGw', 'citizen_id', 'integer', 'NO', '11', 'primary key', 'none', 'Citizen ID', 'no', 'Y');
INSERT INTO `table_fields`(Field_ID, Table_ID, Field_Name, Data_Type, Nullable, Length, Attribute, Control_Type, Label, In_Listview, Auto_Increment) VALUES('UlAdzP5Hz1IVqf5gfi19aQ', 'eMlTu8EECJPabVuAAQ5YGw', 'first_name', 'varchar', 'NO', '45', '', 'textbox', 'First Name', 'yes', 'N');
INSERT INTO `table_fields`(Field_ID, Table_ID, Field_Name, Data_Type, Nullable, Length, Attribute, Control_Type, Label, In_Listview, Auto_Increment) VALUES('BeuoNHbnL2jgX7ewR/8XTQ', 'eMlTu8EECJPabVuAAQ5YGw', 'middle_name', 'varchar', 'NO', '45', '', 'textbox', 'Middle Name', 'yes', 'N');
INSERT INTO `table_fields`(Field_ID, Table_ID, Field_Name, Data_Type, Nullable, Length, Attribute, Control_Type, Label, In_Listview, Auto_Increment) VALUES('Mz94FsdIf7fWQ4cGz+cciA', 'eMlTu8EECJPabVuAAQ5YGw', 'last_name', 'varchar', 'NO', '45', '', 'textbox', 'Last Name', 'yes', 'N');
INSERT INTO `table_fields`(Field_ID, Table_ID, Field_Name, Data_Type, Nullable, Length, Attribute, Control_Type, Label, In_Listview, Auto_Increment) VALUES('47rm6FZyCfzwVulTRVX7Yg', 'eMlTu8EECJPabVuAAQ5YGw', 'house_number', 'integer', 'NO', '11', '', 'textbox', 'House Number', 'yes', 'N');
INSERT INTO `table_fields`(Field_ID, Table_ID, Field_Name, Data_Type, Nullable, Length, Attribute, Control_Type, Label, In_Listview, Auto_Increment) VALUES('ZuJHrEWQCrGkMgyLlALQaw', 'eMlTu8EECJPabVuAAQ5YGw', 'street', 'varchar', 'NO', '45', '', 'textbox', 'Street', 'yes', 'N');
INSERT INTO `table_fields`(Field_ID, Table_ID, Field_Name, Data_Type, Nullable, Length, Attribute, Control_Type, Label, In_Listview, Auto_Increment) VALUES('mSycahfNwRpO0hHHfkd6aw', 'eMlTu8EECJPabVuAAQ5YGw', 'barangay', 'varchar', 'NO', '45', '', 'textbox', 'Barangay', 'yes', 'N');
INSERT INTO `table_fields`(Field_ID, Table_ID, Field_Name, Data_Type, Nullable, Length, Attribute, Control_Type, Label, In_Listview, Auto_Increment) VALUES('pJ225IRhEqUkFJ8mTAPOdQ', 'eMlTu8EECJPabVuAAQ5YGw', 'city', 'varchar', 'NO', '45', '', 'textbox', 'City', 'yes', 'N');
INSERT INTO `table_fields`(Field_ID, Table_ID, Field_Name, Data_Type, Nullable, Length, Attribute, Control_Type, Label, In_Listview, Auto_Increment) VALUES('ZpebGA/Z+owoQ/AMO1D78A', 'eMlTu8EECJPabVuAAQ5YGw', 'region', 'varchar', 'NO', '45', 'none', 'drop-down list', 'Region', 'yes', 'N');
INSERT INTO `table_fields`(Field_ID, Table_ID, Field_Name, Data_Type, Nullable, Length, Attribute, Control_Type, Label, In_Listview, Auto_Increment) VALUES('Wc2nJS3lMUv6GxlOPKxyVw', 'eMlTu8EECJPabVuAAQ5YGw', 'gender', 'varchar', 'NO', '45', 'none', 'radio buttons', 'Gender', 'yes', 'N');
INSERT INTO `table_fields`(Field_ID, Table_ID, Field_Name, Data_Type, Nullable, Length, Attribute, Control_Type, Label, In_Listview, Auto_Increment) VALUES('VD7ICZzU+S1pu0LcGn1POg', 'eMlTu8EECJPabVuAAQ5YGw', 'birth_date', 'date', 'NO', '0', '', 'date controls', 'Birth Date', 'yes', 'N');
INSERT INTO `table_fields`(Field_ID, Table_ID, Field_Name, Data_Type, Nullable, Length, Attribute, Control_Type, Label, In_Listview, Auto_Increment) VALUES('63y7WEMTZ88IX+6+0O9KKg', 'eMlTu8EECJPabVuAAQ5YGw', 'birth_place', 'varchar', 'NO', '45', '', 'textbox', 'Birth Place', 'yes', 'N');
INSERT INTO `table_fields`(Field_ID, Table_ID, Field_Name, Data_Type, Nullable, Length, Attribute, Control_Type, Label, In_Listview, Auto_Increment) VALUES('dPbel+m47+1nt8NB/Z+Teg', 'eMlTu8EECJPabVuAAQ5YGw', 'weight', 'double or float', 'NO', '0', '', 'textbox', 'Weight', 'yes', 'N');
INSERT INTO `table_fields`(Field_ID, Table_ID, Field_Name, Data_Type, Nullable, Length, Attribute, Control_Type, Label, In_Listview, Auto_Increment) VALUES('Jeyg+mLqJp7hQuPgXeu7gA', 'eMlTu8EECJPabVuAAQ5YGw', 'height', 'double or float', 'NO', '0', '', 'textbox', 'Height', 'yes', 'N');
INSERT INTO `table_fields`(Field_ID, Table_ID, Field_Name, Data_Type, Nullable, Length, Attribute, Control_Type, Label, In_Listview, Auto_Increment) VALUES('gC582vUG39iTct8i+y2uYg', 'eMlTu8EECJPabVuAAQ5YGw', 'celphone_number', 'integer', 'NO', '11', 'none', 'textbox', 'Celpphone Number', 'yes', 'N');
INSERT INTO `table_fields`(Field_ID, Table_ID, Field_Name, Data_Type, Nullable, Length, Attribute, Control_Type, Label, In_Listview, Auto_Increment) VALUES('K/g0iSYYWVBztyawE/q3+w', 'eMlTu8EECJPabVuAAQ5YGw', 'telephone_number', 'integer', 'YES', '7', '', 'textbox', 'Telephone Number', 'yes', 'N');
INSERT INTO `table_fields`(Field_ID, Table_ID, Field_Name, Data_Type, Nullable, Length, Attribute, Control_Type, Label, In_Listview, Auto_Increment) VALUES('RJ/L2I6wQjbT8r9auVcd0A', 'eMlTu8EECJPabVuAAQ5YGw', 'username', 'varchar', 'NO', '45', 'none', 'textbox', 'Email Address', 'yes', 'N');
INSERT INTO `table_fields`(Field_ID, Table_ID, Field_Name, Data_Type, Nullable, Length, Attribute, Control_Type, Label, In_Listview, Auto_Increment) VALUES('+P8PlqpFNlf9Q85yh/VCoQ', 'eMlTu8EECJPabVuAAQ5YGw', 'password', 'varchar', 'NO', '45', '', 'textbox', 'Password', 'yes', 'N');
INSERT INTO `table_fields`(Field_ID, Table_ID, Field_Name, Data_Type, Nullable, Length, Attribute, Control_Type, Label, In_Listview, Auto_Increment) VALUES('uRtsdM8pl45m0ndkmha0dQ', 'eMlTu8EECJPabVuAAQ5YGw', 'nationality', 'varchar', 'NO', '45', '', 'textbox', 'Nationality', 'yes', 'N');
INSERT INTO `table_fields`(Field_ID, Table_ID, Field_Name, Data_Type, Nullable, Length, Attribute, Control_Type, Label, In_Listview, Auto_Increment) VALUES('q1OcnUM3+sMiaCSmma4hqg', 'eMlTu8EECJPabVuAAQ5YGw', 'civil_status', 'varchar', 'NO', '45', 'none', 'drop-down list', 'Civil Status', 'yes', 'N');
INSERT INTO `table_fields`(Field_ID, Table_ID, Field_Name, Data_Type, Nullable, Length, Attribute, Control_Type, Label, In_Listview, Auto_Increment) VALUES('vpeKZ6pkaqm8rmC9a2GcPw', 'eMlTu8EECJPabVuAAQ5YGw', 'occupation', 'varchar', 'NO', '45', '', 'textbox', 'Occupation', 'yes', 'N');
INSERT INTO `table_fields`(Field_ID, Table_ID, Field_Name, Data_Type, Nullable, Length, Attribute, Control_Type, Label, In_Listview, Auto_Increment) VALUES('uD/SAxMSvOtxgltOAqknSA', 'eMlTu8EECJPabVuAAQ5YGw', 'father_first_name', 'varchar', 'NO', '45', '', 'textbox', 'Father First Name', 'yes', 'N');
INSERT INTO `table_fields`(Field_ID, Table_ID, Field_Name, Data_Type, Nullable, Length, Attribute, Control_Type, Label, In_Listview, Auto_Increment) VALUES('c+QYl1fgL7m6LSIdpUAMjQ', 'eMlTu8EECJPabVuAAQ5YGw', 'father_middle_name', 'varchar', 'NO', '45', '', 'textbox', 'Father Middle Name', 'yes', 'N');
INSERT INTO `table_fields`(Field_ID, Table_ID, Field_Name, Data_Type, Nullable, Length, Attribute, Control_Type, Label, In_Listview, Auto_Increment) VALUES('onfljVgybc9WKOlYSdrCKw', 'eMlTu8EECJPabVuAAQ5YGw', 'father_last_name', 'varchar', 'NO', '45', '', 'textbox', 'Father Last Name', 'yes', 'N');
INSERT INTO `table_fields`(Field_ID, Table_ID, Field_Name, Data_Type, Nullable, Length, Attribute, Control_Type, Label, In_Listview, Auto_Increment) VALUES('3tXUaE6CVjLCYjgTgWxbxg', 'eMlTu8EECJPabVuAAQ5YGw', 'mother_first_name', 'varchar', 'NO', '45', '', 'textbox', 'Mother First Name', 'yes', 'N');
INSERT INTO `table_fields`(Field_ID, Table_ID, Field_Name, Data_Type, Nullable, Length, Attribute, Control_Type, Label, In_Listview, Auto_Increment) VALUES('H0/jN3b4qocF28NPuRPwnw', 'eMlTu8EECJPabVuAAQ5YGw', 'mother_middle_name', 'varchar', 'NO', '45', '', 'textbox', 'Mother Middle Name', 'yes', 'N');
INSERT INTO `table_fields`(Field_ID, Table_ID, Field_Name, Data_Type, Nullable, Length, Attribute, Control_Type, Label, In_Listview, Auto_Increment) VALUES('yUXJdTEHlA3qfEAaEdzT1g', 'eMlTu8EECJPabVuAAQ5YGw', 'mother_last_name', 'varchar', 'NO', '45', '', 'textbox', 'Mother Last Name', 'yes', 'N');
INSERT INTO `table_fields`(Field_ID, Table_ID, Field_Name, Data_Type, Nullable, Length, Attribute, Control_Type, Label, In_Listview, Auto_Increment) VALUES('3yBbvrKOHmf+NCumRg/Uow', 'eMlTu8EECJPabVuAAQ5YGw', 'date_registered', 'date', 'NO', '0', '', 'date controls', 'Date Registered', 'yes', 'N');
INSERT INTO `table_fields`(Field_ID, Table_ID, Field_Name, Data_Type, Nullable, Length, Attribute, Control_Type, Label, In_Listview, Auto_Increment) VALUES('do5UvG4I6vZhUYd4ZB23Tw', 'eMlTu8EECJPabVuAAQ5YGw', 'is_official', 'varchar', 'NO', '3', 'none', 'radio buttons', 'Is Official', 'yes', 'N');
INSERT INTO `table_fields`(Field_ID, Table_ID, Field_Name, Data_Type, Nullable, Length, Attribute, Control_Type, Label, In_Listview, Auto_Increment) VALUES('7mH4/SpDKqh4q7v6w8IHtA', 'eMlTu8EECJPabVuAAQ5YGw', 'proof_of_identity', 'varchar', 'NO', '255', 'none', 'upload', 'Proof Of Identity', 'yes', 'N');
INSERT INTO `table_fields`(Field_ID, Table_ID, Field_Name, Data_Type, Nullable, Length, Attribute, Control_Type, Label, In_Listview, Auto_Increment) VALUES('25wgekGrUSNBIuY+W8x+xg', 'eMlTu8EECJPabVuAAQ5YGw', 'proof_of_address', 'varchar', 'NO', '255', 'none', 'upload', 'Proof Of Address', 'yes', 'N');
INSERT INTO `table_fields`(Field_ID, Table_ID, Field_Name, Data_Type, Nullable, Length, Attribute, Control_Type, Label, In_Listview, Auto_Increment) VALUES('skE3K6fvEtHbDagL9SjtdQ', 'Fw9sl4QTuc+6vXo5UsTY3A', 'official_id', 'integer', 'NO', '11', 'primary key', 'none', 'Official ID', 'no', 'Y');
INSERT INTO `table_fields`(Field_ID, Table_ID, Field_Name, Data_Type, Nullable, Length, Attribute, Control_Type, Label, In_Listview, Auto_Increment) VALUES('F9uzLqdp2buTNtNFcElcjw', 'Fw9sl4QTuc+6vXo5UsTY3A', 'date_registered', 'date', 'NO', '0', '', 'date controls', 'Date Registered', 'yes', 'N');
INSERT INTO `table_fields`(Field_ID, Table_ID, Field_Name, Data_Type, Nullable, Length, Attribute, Control_Type, Label, In_Listview, Auto_Increment) VALUES('4ORraFgUSWYk332QWbKo3g', 'Fw9sl4QTuc+6vXo5UsTY3A', 'official_name', 'varchar', 'NO', '45', 'foreign key', 'drop-down list', 'Official Name', 'yes', 'N');
INSERT INTO `table_fields`(Field_ID, Table_ID, Field_Name, Data_Type, Nullable, Length, Attribute, Control_Type, Label, In_Listview, Auto_Increment) VALUES('9qIjqzocFQT3fTwzYDMhDQ', 'Fw9sl4QTuc+6vXo5UsTY3A', 'position', 'varchar', 'NO', '45', 'none', 'drop-down list', 'Position', 'yes', 'N');
INSERT INTO `table_fields`(Field_ID, Table_ID, Field_Name, Data_Type, Nullable, Length, Attribute, Control_Type, Label, In_Listview, Auto_Increment) VALUES('G2DAPXnSPdTCR5JNM5zCag', 'Fw9sl4QTuc+6vXo5UsTY3A', 'term_period_from', 'date', 'NO', '0', '', 'date controls', 'Term Period From', 'yes', 'N');
INSERT INTO `table_fields`(Field_ID, Table_ID, Field_Name, Data_Type, Nullable, Length, Attribute, Control_Type, Label, In_Listview, Auto_Increment) VALUES('FLQp1tLGj4Ko5Hz2it/8/Q', 'Fw9sl4QTuc+6vXo5UsTY3A', 'term_period_to', 'date', 'NO', '0', '', 'date controls', 'Term Period To', 'yes', 'N');
INSERT INTO `table_fields`(Field_ID, Table_ID, Field_Name, Data_Type, Nullable, Length, Attribute, Control_Type, Label, In_Listview, Auto_Increment) VALUES('8Nkx6fx0Pvdq2yKJyYS9+Q', 'sNPX8SDQLdoj9nohFo/8hg', 'request_id', 'integer', 'NO', '11', 'primary key', 'none', 'Request ID', 'no', 'Y');
INSERT INTO `table_fields`(Field_ID, Table_ID, Field_Name, Data_Type, Nullable, Length, Attribute, Control_Type, Label, In_Listview, Auto_Increment) VALUES('uiRz+JbzkeH4RgEdJj3NiA', 'sNPX8SDQLdoj9nohFo/8hg', 'date_filed', 'date', 'NO', '0', '', 'date controls', 'Date Filed', 'yes', 'N');
INSERT INTO `table_fields`(Field_ID, Table_ID, Field_Name, Data_Type, Nullable, Length, Attribute, Control_Type, Label, In_Listview, Auto_Increment) VALUES('++UZ2Q4cJ1kMJeDnNJe5tw', 'sNPX8SDQLdoj9nohFo/8hg', 'date_served', 'date', 'NO', '0', '', 'date controls', 'Date Served', 'yes', 'N');
INSERT INTO `table_fields`(Field_ID, Table_ID, Field_Name, Data_Type, Nullable, Length, Attribute, Control_Type, Label, In_Listview, Auto_Increment) VALUES('0tYdg3dqrTzOUMFjPQUUgw', 'sNPX8SDQLdoj9nohFo/8hg', 'status', 'varchar', 'NO', '11', 'none', 'drop-down list', 'Status', 'yes', 'N');
INSERT INTO `table_fields`(Field_ID, Table_ID, Field_Name, Data_Type, Nullable, Length, Attribute, Control_Type, Label, In_Listview, Auto_Increment) VALUES('HNSjM7c3eTpifTw6aAY0EA', 'sNPX8SDQLdoj9nohFo/8hg', 'service_id', 'integer', 'NO', '11', 'foreign key', 'drop-down list', 'Service', 'yes', 'N');
INSERT INTO `table_fields`(Field_ID, Table_ID, Field_Name, Data_Type, Nullable, Length, Attribute, Control_Type, Label, In_Listview, Auto_Increment) VALUES('5a/1UuxO4CCC8ZfYK5AgVQ', 'sNPX8SDQLdoj9nohFo/8hg', 'citizen_id', 'integer', 'NO', '11', 'foreign key', 'drop-down list', 'Citizen', 'yes', 'N');
INSERT INTO `table_fields`(Field_ID, Table_ID, Field_Name, Data_Type, Nullable, Length, Attribute, Control_Type, Label, In_Listview, Auto_Increment) VALUES('VrncjpXPOqLYkKWNdjMQJg', 'GbZ32jMOAG1IL+2OvG2FZw', 'requirement_id', 'integer', 'NO', '11', 'primary key', 'none', 'Requirement ID', 'no', 'Y');
INSERT INTO `table_fields`(Field_ID, Table_ID, Field_Name, Data_Type, Nullable, Length, Attribute, Control_Type, Label, In_Listview, Auto_Increment) VALUES('gO16bZ9f5CMfn8cFGv7nsA', 'GbZ32jMOAG1IL+2OvG2FZw', 'service_name', 'varchar', 'NO', '45', 'foreign key', 'drop-down list', 'Service Name', 'yes', 'N');
INSERT INTO `table_fields`(Field_ID, Table_ID, Field_Name, Data_Type, Nullable, Length, Attribute, Control_Type, Label, In_Listview, Auto_Increment) VALUES('V0N1Ar9as4+OVIAerOBROA', 'GbZ32jMOAG1IL+2OvG2FZw', 'service_requirement', 'varchar', 'NO', '45', '', 'textbox', 'Service Requirement', 'yes', 'N');
INSERT INTO `table_fields`(Field_ID, Table_ID, Field_Name, Data_Type, Nullable, Length, Attribute, Control_Type, Label, In_Listview, Auto_Increment) VALUES('W24HhrS4jSjmIVzEW28PtA', '/JbVahG+bXOwlVZX5p5Cew', 'service_id', 'integer', 'NO', '11', 'primary key', 'none', 'Service ID', 'no', 'Y');
INSERT INTO `table_fields`(Field_ID, Table_ID, Field_Name, Data_Type, Nullable, Length, Attribute, Control_Type, Label, In_Listview, Auto_Increment) VALUES('j1g5ZZtXVgJqt8WtYkZoPQ', '/JbVahG+bXOwlVZX5p5Cew', 'service_name', 'varchar', 'NO', '45', '', 'textbox', 'Service Name', 'yes', 'N');
INSERT INTO `table_fields`(Field_ID, Table_ID, Field_Name, Data_Type, Nullable, Length, Attribute, Control_Type, Label, In_Listview, Auto_Increment) VALUES('dOmScDOhDgMLbBbhdAjgkQ', '/JbVahG+bXOwlVZX5p5Cew', 'service_description', 'text', 'NO', '0', '', 'textarea', 'Service Description', 'yes', 'N');
INSERT INTO `table_fields`(Field_ID, Table_ID, Field_Name, Data_Type, Nullable, Length, Attribute, Control_Type, Label, In_Listview, Auto_Increment) VALUES('84B8Lsw1kQDyf/F/KmBJEQ', '/JbVahG+bXOwlVZX5p5Cew', 'date_offered', 'date', 'NO', '0', '', 'date controls', 'Date Offered', 'yes', 'N');
INSERT INTO `table_fields`(Field_ID, Table_ID, Field_Name, Data_Type, Nullable, Length, Attribute, Control_Type, Label, In_Listview, Auto_Increment) VALUES('7oeQEiEPrWCW2UFQ5BTKBg', '/JbVahG+bXOwlVZX5p5Cew', 'is_offered', 'varchar', 'NO', '45', 'none', 'radio buttons', 'Is Offered', 'yes', 'N');
INSERT INTO `table_fields`(Field_ID, Table_ID, Field_Name, Data_Type, Nullable, Length, Attribute, Control_Type, Label, In_Listview, Auto_Increment) VALUES('po6wfFzU10551Ogt5nbR0Q', 'ZgkUDG2+2CfYZgLCtJMhug', 'poa_poi_id', 'integer', 'NO', '11', 'primary&foreign key', 'none', 'Poa Poi ID', 'no', 'Y');
INSERT INTO `table_fields`(Field_ID, Table_ID, Field_Name, Data_Type, Nullable, Length, Attribute, Control_Type, Label, In_Listview, Auto_Increment) VALUES('T3A7g3GqgOhbMRque5yC0w', 'ZgkUDG2+2CfYZgLCtJMhug', 'proof_of_id', 'varchar', 'NO', '255', 'none', 'upload', 'Proof Of ID', 'yes', 'N');
INSERT INTO `table_fields`(Field_ID, Table_ID, Field_Name, Data_Type, Nullable, Length, Attribute, Control_Type, Label, In_Listview, Auto_Increment) VALUES('lBBPHRJfpeyRJ+wFCLJ8tQ', 'ZgkUDG2+2CfYZgLCtJMhug', 'proof_of_address', 'varchar', 'NO', '255', 'none', 'upload', 'Proof Of Address', 'yes', 'N');
INSERT INTO `table_fields`(Field_ID, Table_ID, Field_Name, Data_Type, Nullable, Length, Attribute, Control_Type, Label, In_Listview, Auto_Increment) VALUES('xP/CVsAnWDVsTSypni9agA', 'ZgkUDG2+2CfYZgLCtJMhug', 'citizen_id', 'integer', 'NO', '11', 'foreign key', 'drop-down list', 'Citizen', 'yes', 'N');
INSERT INTO `table_fields`(Field_ID, Table_ID, Field_Name, Data_Type, Nullable, Length, Attribute, Control_Type, Label, In_Listview, Auto_Increment) VALUES('F5XMg3Vrew3QaEPmM00pSQ', 'eMlTu8EECJPabVuAAQ5YGw', 'zip_code', 'integer', 'NO', '4', 'none', 'textbox', 'Zip Code', 'yes', '');
INSERT INTO `table_fields`(Field_ID, Table_ID, Field_Name, Data_Type, Nullable, Length, Attribute, Control_Type, Label, In_Listview, Auto_Increment) VALUES('Sy+Jd+gwsrNHnOgsrfZhzg', 'eMlTu8EECJPabVuAAQ5YGw', 'district', 'varchar', 'NO', '45', 'none', 'textbox', 'District', 'yes', '');
INSERT INTO `table_fields`(Field_ID, Table_ID, Field_Name, Data_Type, Nullable, Length, Attribute, Control_Type, Label, In_Listview, Auto_Increment) VALUES('DM+xKPbHoedDohyy4Ax5Zg', 'EKgWyirhUhwYC3TQu8CeLg', 'request_has_requirement', 'integer', 'NO', '11', 'primary&foreign key', 'none', 'Request Has Requirement', 'no', 'Y');
INSERT INTO `table_fields`(Field_ID, Table_ID, Field_Name, Data_Type, Nullable, Length, Attribute, Control_Type, Label, In_Listview, Auto_Increment) VALUES('ZsXZsJYGUClTtyhwFelApg', 'EKgWyirhUhwYC3TQu8CeLg', 'date_submitted', 'date', 'NO', '0', 'none', 'upload', 'Date Submitted', 'yes', 'N');
INSERT INTO `table_fields`(Field_ID, Table_ID, Field_Name, Data_Type, Nullable, Length, Attribute, Control_Type, Label, In_Listview, Auto_Increment) VALUES('wlQcwC96wqWYeMDPwBoH7A', 'EKgWyirhUhwYC3TQu8CeLg', 'requirement_document', 'varchar', 'NO', '255', '', 'textbox', 'Requirement Document', 'yes', 'N');


INSERT INTO `table_fields_list`(Field_ID, List_ID) VALUES('0tYdg3dqrTzOUMFjPQUUgw', 'cTXvZ82is1Q3KJrEgQLZ8g');
INSERT INTO `table_fields_list`(Field_ID, List_ID) VALUES('7oeQEiEPrWCW2UFQ5BTKBg', 'BtHsaDrhY32mojB4JSJpGg');
INSERT INTO `table_fields_list`(Field_ID, List_ID) VALUES('9qIjqzocFQT3fTwzYDMhDQ', 'kN5/C+bWX4OKBFbQg76/sg');
INSERT INTO `table_fields_list`(Field_ID, List_ID) VALUES('do5UvG4I6vZhUYd4ZB23Tw', 'BtHsaDrhY32mojB4JSJpGg');
INSERT INTO `table_fields_list`(Field_ID, List_ID) VALUES('q1OcnUM3+sMiaCSmma4hqg', 'OXApXCXrQ0o29Tim2Ab/AA');
INSERT INTO `table_fields_list`(Field_ID, List_ID) VALUES('v89r/hqL1WhHEcyjgR5RCQ', 'XC1i0GotE5lwgiQJB/gGuQ');
INSERT INTO `table_fields_list`(Field_ID, List_ID) VALUES('Wc2nJS3lMUv6GxlOPKxyVw', 'xU2EOzkpO45LTbiuI+pMtg');
INSERT INTO `table_fields_list`(Field_ID, List_ID) VALUES('ZpebGA/Z+owoQ/AMO1D78A', 'LSyaOqtoqXV6l3Ikzulpew');


INSERT INTO `table_fields_list_source_select`(Field_ID, Auto_ID, Select_Field_ID, Display) VALUES('5a/1UuxO4CCC8ZfYK5AgVQ', '4', 'Mz94FsdIf7fWQ4cGz+cciA', 'Yes');
INSERT INTO `table_fields_list_source_select`(Field_ID, Auto_ID, Select_Field_ID, Display) VALUES('iMBnFkPlygSfUWTzmPhT3Q', '1', 'skE3K6fvEtHbDagL9SjtdQ', 'No');
INSERT INTO `table_fields_list_source_select`(Field_ID, Auto_ID, Select_Field_ID, Display) VALUES('iMBnFkPlygSfUWTzmPhT3Q', '2', '4ORraFgUSWYk332QWbKo3g', 'Yes');
INSERT INTO `table_fields_list_source_select`(Field_ID, Auto_ID, Select_Field_ID, Display) VALUES('4ORraFgUSWYk332QWbKo3g', '1', 'zIJ+Jp/ZfWY4munTZfytMg', 'No');
INSERT INTO `table_fields_list_source_select`(Field_ID, Auto_ID, Select_Field_ID, Display) VALUES('4ORraFgUSWYk332QWbKo3g', '2', 'UlAdzP5Hz1IVqf5gfi19aQ', 'Yes');
INSERT INTO `table_fields_list_source_select`(Field_ID, Auto_ID, Select_Field_ID, Display) VALUES('4ORraFgUSWYk332QWbKo3g', '3', 'BeuoNHbnL2jgX7ewR/8XTQ', 'Yes');
INSERT INTO `table_fields_list_source_select`(Field_ID, Auto_ID, Select_Field_ID, Display) VALUES('4ORraFgUSWYk332QWbKo3g', '4', 'Mz94FsdIf7fWQ4cGz+cciA', 'Yes');
INSERT INTO `table_fields_list_source_select`(Field_ID, Auto_ID, Select_Field_ID, Display) VALUES('HNSjM7c3eTpifTw6aAY0EA', '1', 'W24HhrS4jSjmIVzEW28PtA', 'No');
INSERT INTO `table_fields_list_source_select`(Field_ID, Auto_ID, Select_Field_ID, Display) VALUES('HNSjM7c3eTpifTw6aAY0EA', '2', 'W24HhrS4jSjmIVzEW28PtA', 'Yes');
INSERT INTO `table_fields_list_source_select`(Field_ID, Auto_ID, Select_Field_ID, Display) VALUES('HNSjM7c3eTpifTw6aAY0EA', '3', 'j1g5ZZtXVgJqt8WtYkZoPQ', 'Yes');
INSERT INTO `table_fields_list_source_select`(Field_ID, Auto_ID, Select_Field_ID, Display) VALUES('5a/1UuxO4CCC8ZfYK5AgVQ', '1', 'zIJ+Jp/ZfWY4munTZfytMg', 'No');
INSERT INTO `table_fields_list_source_select`(Field_ID, Auto_ID, Select_Field_ID, Display) VALUES('5a/1UuxO4CCC8ZfYK5AgVQ', '2', 'UlAdzP5Hz1IVqf5gfi19aQ', 'Yes');
INSERT INTO `table_fields_list_source_select`(Field_ID, Auto_ID, Select_Field_ID, Display) VALUES('5a/1UuxO4CCC8ZfYK5AgVQ', '3', 'BeuoNHbnL2jgX7ewR/8XTQ', 'Yes');
INSERT INTO `table_fields_list_source_select`(Field_ID, Auto_ID, Select_Field_ID, Display) VALUES('gO16bZ9f5CMfn8cFGv7nsA', '1', 'W24HhrS4jSjmIVzEW28PtA', 'No');
INSERT INTO `table_fields_list_source_select`(Field_ID, Auto_ID, Select_Field_ID, Display) VALUES('gO16bZ9f5CMfn8cFGv7nsA', '2', 'W24HhrS4jSjmIVzEW28PtA', 'Yes');
INSERT INTO `table_fields_list_source_select`(Field_ID, Auto_ID, Select_Field_ID, Display) VALUES('gO16bZ9f5CMfn8cFGv7nsA', '3', 'j1g5ZZtXVgJqt8WtYkZoPQ', 'Yes');
INSERT INTO `table_fields_list_source_select`(Field_ID, Auto_ID, Select_Field_ID, Display) VALUES('xP/CVsAnWDVsTSypni9agA', '1', 'zIJ+Jp/ZfWY4munTZfytMg', 'No');
INSERT INTO `table_fields_list_source_select`(Field_ID, Auto_ID, Select_Field_ID, Display) VALUES('xP/CVsAnWDVsTSypni9agA', '2', 'UlAdzP5Hz1IVqf5gfi19aQ', 'Yes');
INSERT INTO `table_fields_list_source_select`(Field_ID, Auto_ID, Select_Field_ID, Display) VALUES('xP/CVsAnWDVsTSypni9agA', '3', 'BeuoNHbnL2jgX7ewR/8XTQ', 'Yes');
INSERT INTO `table_fields_list_source_select`(Field_ID, Auto_ID, Select_Field_ID, Display) VALUES('xP/CVsAnWDVsTSypni9agA', '4', 'Mz94FsdIf7fWQ4cGz+cciA', 'Yes');


INSERT INTO `table_fields_list_source_where`(Field_ID, Where_Field_ID, Where_Field_Operand, Where_Field_Value, Where_Field_Connector) VALUES('5a/1UuxO4CCC8ZfYK5AgVQ', '0', '', '', '');
INSERT INTO `table_fields_list_source_where`(Field_ID, Where_Field_ID, Where_Field_Operand, Where_Field_Value, Where_Field_Connector) VALUES('iMBnFkPlygSfUWTzmPhT3Q', '0', '', '', '');
INSERT INTO `table_fields_list_source_where`(Field_ID, Where_Field_ID, Where_Field_Operand, Where_Field_Value, Where_Field_Connector) VALUES('4ORraFgUSWYk332QWbKo3g', '0', '', '', '');
INSERT INTO `table_fields_list_source_where`(Field_ID, Where_Field_ID, Where_Field_Operand, Where_Field_Value, Where_Field_Connector) VALUES('HNSjM7c3eTpifTw6aAY0EA', '0', '', '', '');
INSERT INTO `table_fields_list_source_where`(Field_ID, Where_Field_ID, Where_Field_Operand, Where_Field_Value, Where_Field_Connector) VALUES('gO16bZ9f5CMfn8cFGv7nsA', '0', '', '', '');
INSERT INTO `table_fields_list_source_where`(Field_ID, Where_Field_ID, Where_Field_Operand, Where_Field_Value, Where_Field_Connector) VALUES('xP/CVsAnWDVsTSypni9agA', '0', '', '', '');


INSERT INTO `table_pages`(Table_ID, Page_ID, Path_Filename) VALUES('eMlTu8EECJPabVuAAQ5YGw', '+nSXSR+3BnhhMmaBfNYLbZW1Klls8lauC+9jhXjFZPg=', 'citizen/add_citizen.php');
INSERT INTO `table_pages`(Table_ID, Page_ID, Path_Filename) VALUES('eMlTu8EECJPabVuAAQ5YGw', '/0CxWVJHlM+Z9jATzhv6vAHQnuZZWS4URCnxcUxceXc=', 'citizen/reporter_result_citizen.php');
INSERT INTO `table_pages`(Table_ID, Page_ID, Path_Filename) VALUES('eMlTu8EECJPabVuAAQ5YGw', 'alOVwAQ+rL1qGsKXzH3ntUOTsz3+58x/CjrGwNCoLZU=', 'citizen/edit_citizen.php');
INSERT INTO `table_pages`(Table_ID, Page_ID, Path_Filename) VALUES('eMlTu8EECJPabVuAAQ5YGw', 'AoJ17xCURhNmjVr+1xWj5Ipr8Jqf461C5RKOc6oCY5s=', 'citizen/detailview_citizen.php');
INSERT INTO `table_pages`(Table_ID, Page_ID, Path_Filename) VALUES('eMlTu8EECJPabVuAAQ5YGw', 'DMOnHB6R/wc6cXt89xU9OUTRxKMYr7mnlvpUZidmV7g=', 'citizen/csv_citizen.php');
INSERT INTO `table_pages`(Table_ID, Page_ID, Path_Filename) VALUES('eMlTu8EECJPabVuAAQ5YGw', 'EAOGEEl9nxgSOWL/Rb5QoOYKSwEPz/eM8wakTQEEk3o=', 'citizen/reporter_pdfresult_citizen.php');
INSERT INTO `table_pages`(Table_ID, Page_ID, Path_Filename) VALUES('eMlTu8EECJPabVuAAQ5YGw', 'Mv+1k7TH5VAPb74N+qvQCfXbqWhlyILNtEvdMQHKIxA=', 'citizen/listview_citizen.php');
INSERT INTO `table_pages`(Table_ID, Page_ID, Path_Filename) VALUES('eMlTu8EECJPabVuAAQ5YGw', 'qWMTJddAsNYOu7YBrSc/AV79roA/630phvlC4N6Z7KI=', 'citizen/delete_citizen.php');
INSERT INTO `table_pages`(Table_ID, Page_ID, Path_Filename) VALUES('eMlTu8EECJPabVuAAQ5YGw', 'X0JsxS82n8sIFiKwpQCR9c99doOFEsHIxs4pDGZxg+8=', 'citizen/reporter_citizen.php');
INSERT INTO `table_pages`(Table_ID, Page_ID, Path_Filename) VALUES('GbZ32jMOAG1IL+2OvG2FZw', '+nSXSR+3BnhhMmaBfNYLbZW1Klls8lauC+9jhXjFZPg=', 'service/add_requirement.php');
INSERT INTO `table_pages`(Table_ID, Page_ID, Path_Filename) VALUES('GbZ32jMOAG1IL+2OvG2FZw', '/0CxWVJHlM+Z9jATzhv6vAHQnuZZWS4URCnxcUxceXc=', 'service/reporter_result_requirement.php');
INSERT INTO `table_pages`(Table_ID, Page_ID, Path_Filename) VALUES('GbZ32jMOAG1IL+2OvG2FZw', 'alOVwAQ+rL1qGsKXzH3ntUOTsz3+58x/CjrGwNCoLZU=', 'service/edit_requirement.php');
INSERT INTO `table_pages`(Table_ID, Page_ID, Path_Filename) VALUES('GbZ32jMOAG1IL+2OvG2FZw', 'AoJ17xCURhNmjVr+1xWj5Ipr8Jqf461C5RKOc6oCY5s=', 'service/detailview_requirement.php');
INSERT INTO `table_pages`(Table_ID, Page_ID, Path_Filename) VALUES('GbZ32jMOAG1IL+2OvG2FZw', 'DMOnHB6R/wc6cXt89xU9OUTRxKMYr7mnlvpUZidmV7g=', 'service/csv_requirement.php');
INSERT INTO `table_pages`(Table_ID, Page_ID, Path_Filename) VALUES('GbZ32jMOAG1IL+2OvG2FZw', 'EAOGEEl9nxgSOWL/Rb5QoOYKSwEPz/eM8wakTQEEk3o=', 'service/reporter_pdfresult_requirement.php');
INSERT INTO `table_pages`(Table_ID, Page_ID, Path_Filename) VALUES('GbZ32jMOAG1IL+2OvG2FZw', 'Mv+1k7TH5VAPb74N+qvQCfXbqWhlyILNtEvdMQHKIxA=', 'service/listview_requirement.php');
INSERT INTO `table_pages`(Table_ID, Page_ID, Path_Filename) VALUES('GbZ32jMOAG1IL+2OvG2FZw', 'qWMTJddAsNYOu7YBrSc/AV79roA/630phvlC4N6Z7KI=', 'service/delete_requirement.php');
INSERT INTO `table_pages`(Table_ID, Page_ID, Path_Filename) VALUES('GbZ32jMOAG1IL+2OvG2FZw', 'X0JsxS82n8sIFiKwpQCR9c99doOFEsHIxs4pDGZxg+8=', 'service/reporter_requirement.php');
INSERT INTO `table_pages`(Table_ID, Page_ID, Path_Filename) VALUES('ZgkUDG2+2CfYZgLCtJMhug', '+nSXSR+3BnhhMmaBfNYLbZW1Klls8lauC+9jhXjFZPg=', 'citizen/add_validate.php');
INSERT INTO `table_pages`(Table_ID, Page_ID, Path_Filename) VALUES('ZgkUDG2+2CfYZgLCtJMhug', '/0CxWVJHlM+Z9jATzhv6vAHQnuZZWS4URCnxcUxceXc=', 'citizen/reporter_result_validate.php');
INSERT INTO `table_pages`(Table_ID, Page_ID, Path_Filename) VALUES('ZgkUDG2+2CfYZgLCtJMhug', 'alOVwAQ+rL1qGsKXzH3ntUOTsz3+58x/CjrGwNCoLZU=', 'citizen/edit_validate.php');
INSERT INTO `table_pages`(Table_ID, Page_ID, Path_Filename) VALUES('ZgkUDG2+2CfYZgLCtJMhug', 'AoJ17xCURhNmjVr+1xWj5Ipr8Jqf461C5RKOc6oCY5s=', 'citizen/detailview_validate.php');
INSERT INTO `table_pages`(Table_ID, Page_ID, Path_Filename) VALUES('ZgkUDG2+2CfYZgLCtJMhug', 'DMOnHB6R/wc6cXt89xU9OUTRxKMYr7mnlvpUZidmV7g=', 'citizen/csv_validate.php');
INSERT INTO `table_pages`(Table_ID, Page_ID, Path_Filename) VALUES('ZgkUDG2+2CfYZgLCtJMhug', 'EAOGEEl9nxgSOWL/Rb5QoOYKSwEPz/eM8wakTQEEk3o=', 'citizen/reporter_pdfresult_validate.php');
INSERT INTO `table_pages`(Table_ID, Page_ID, Path_Filename) VALUES('ZgkUDG2+2CfYZgLCtJMhug', 'Mv+1k7TH5VAPb74N+qvQCfXbqWhlyILNtEvdMQHKIxA=', 'citizen/listview_validate.php');
INSERT INTO `table_pages`(Table_ID, Page_ID, Path_Filename) VALUES('ZgkUDG2+2CfYZgLCtJMhug', 'qWMTJddAsNYOu7YBrSc/AV79roA/630phvlC4N6Z7KI=', 'citizen/delete_validate.php');
INSERT INTO `table_pages`(Table_ID, Page_ID, Path_Filename) VALUES('ZgkUDG2+2CfYZgLCtJMhug', 'X0JsxS82n8sIFiKwpQCR9c99doOFEsHIxs4pDGZxg+8=', 'citizen/reporter_validate.php');
INSERT INTO `table_pages`(Table_ID, Page_ID, Path_Filename) VALUES('sNPX8SDQLdoj9nohFo/8hg', '+nSXSR+3BnhhMmaBfNYLbZW1Klls8lauC+9jhXjFZPg=', 'request/add_request.php');
INSERT INTO `table_pages`(Table_ID, Page_ID, Path_Filename) VALUES('sNPX8SDQLdoj9nohFo/8hg', '/0CxWVJHlM+Z9jATzhv6vAHQnuZZWS4URCnxcUxceXc=', 'request/reporter_result_request.php');
INSERT INTO `table_pages`(Table_ID, Page_ID, Path_Filename) VALUES('sNPX8SDQLdoj9nohFo/8hg', 'alOVwAQ+rL1qGsKXzH3ntUOTsz3+58x/CjrGwNCoLZU=', 'request/edit_request.php');
INSERT INTO `table_pages`(Table_ID, Page_ID, Path_Filename) VALUES('sNPX8SDQLdoj9nohFo/8hg', 'AoJ17xCURhNmjVr+1xWj5Ipr8Jqf461C5RKOc6oCY5s=', 'request/detailview_request.php');
INSERT INTO `table_pages`(Table_ID, Page_ID, Path_Filename) VALUES('sNPX8SDQLdoj9nohFo/8hg', 'DMOnHB6R/wc6cXt89xU9OUTRxKMYr7mnlvpUZidmV7g=', 'request/csv_request.php');
INSERT INTO `table_pages`(Table_ID, Page_ID, Path_Filename) VALUES('sNPX8SDQLdoj9nohFo/8hg', 'EAOGEEl9nxgSOWL/Rb5QoOYKSwEPz/eM8wakTQEEk3o=', 'request/reporter_pdfresult_request.php');
INSERT INTO `table_pages`(Table_ID, Page_ID, Path_Filename) VALUES('sNPX8SDQLdoj9nohFo/8hg', 'Mv+1k7TH5VAPb74N+qvQCfXbqWhlyILNtEvdMQHKIxA=', 'request/listview_request.php');
INSERT INTO `table_pages`(Table_ID, Page_ID, Path_Filename) VALUES('sNPX8SDQLdoj9nohFo/8hg', 'qWMTJddAsNYOu7YBrSc/AV79roA/630phvlC4N6Z7KI=', 'request/delete_request.php');
INSERT INTO `table_pages`(Table_ID, Page_ID, Path_Filename) VALUES('sNPX8SDQLdoj9nohFo/8hg', 'X0JsxS82n8sIFiKwpQCR9c99doOFEsHIxs4pDGZxg+8=', 'request/reporter_request.php');
INSERT INTO `table_pages`(Table_ID, Page_ID, Path_Filename) VALUES('Fw9sl4QTuc+6vXo5UsTY3A', '+nSXSR+3BnhhMmaBfNYLbZW1Klls8lauC+9jhXjFZPg=', 'official/add_official.php');
INSERT INTO `table_pages`(Table_ID, Page_ID, Path_Filename) VALUES('Fw9sl4QTuc+6vXo5UsTY3A', '/0CxWVJHlM+Z9jATzhv6vAHQnuZZWS4URCnxcUxceXc=', 'official/reporter_result_official.php');
INSERT INTO `table_pages`(Table_ID, Page_ID, Path_Filename) VALUES('Fw9sl4QTuc+6vXo5UsTY3A', 'alOVwAQ+rL1qGsKXzH3ntUOTsz3+58x/CjrGwNCoLZU=', 'official/edit_official.php');
INSERT INTO `table_pages`(Table_ID, Page_ID, Path_Filename) VALUES('Fw9sl4QTuc+6vXo5UsTY3A', 'AoJ17xCURhNmjVr+1xWj5Ipr8Jqf461C5RKOc6oCY5s=', 'official/detailview_official.php');
INSERT INTO `table_pages`(Table_ID, Page_ID, Path_Filename) VALUES('Fw9sl4QTuc+6vXo5UsTY3A', 'DMOnHB6R/wc6cXt89xU9OUTRxKMYr7mnlvpUZidmV7g=', 'official/csv_official.php');
INSERT INTO `table_pages`(Table_ID, Page_ID, Path_Filename) VALUES('Fw9sl4QTuc+6vXo5UsTY3A', 'EAOGEEl9nxgSOWL/Rb5QoOYKSwEPz/eM8wakTQEEk3o=', 'official/reporter_pdfresult_official.php');
INSERT INTO `table_pages`(Table_ID, Page_ID, Path_Filename) VALUES('Fw9sl4QTuc+6vXo5UsTY3A', 'Mv+1k7TH5VAPb74N+qvQCfXbqWhlyILNtEvdMQHKIxA=', 'official/listview_official.php');
INSERT INTO `table_pages`(Table_ID, Page_ID, Path_Filename) VALUES('Fw9sl4QTuc+6vXo5UsTY3A', 'qWMTJddAsNYOu7YBrSc/AV79roA/630phvlC4N6Z7KI=', 'official/delete_official.php');
INSERT INTO `table_pages`(Table_ID, Page_ID, Path_Filename) VALUES('Fw9sl4QTuc+6vXo5UsTY3A', 'X0JsxS82n8sIFiKwpQCR9c99doOFEsHIxs4pDGZxg+8=', 'official/reporter_official.php');
INSERT INTO `table_pages`(Table_ID, Page_ID, Path_Filename) VALUES('/JbVahG+bXOwlVZX5p5Cew', '+nSXSR+3BnhhMmaBfNYLbZW1Klls8lauC+9jhXjFZPg=', 'service/add_service.php');
INSERT INTO `table_pages`(Table_ID, Page_ID, Path_Filename) VALUES('/JbVahG+bXOwlVZX5p5Cew', '/0CxWVJHlM+Z9jATzhv6vAHQnuZZWS4URCnxcUxceXc=', 'service/reporter_result_service.php');
INSERT INTO `table_pages`(Table_ID, Page_ID, Path_Filename) VALUES('/JbVahG+bXOwlVZX5p5Cew', 'alOVwAQ+rL1qGsKXzH3ntUOTsz3+58x/CjrGwNCoLZU=', 'service/edit_service.php');
INSERT INTO `table_pages`(Table_ID, Page_ID, Path_Filename) VALUES('/JbVahG+bXOwlVZX5p5Cew', 'AoJ17xCURhNmjVr+1xWj5Ipr8Jqf461C5RKOc6oCY5s=', 'service/detailview_service.php');
INSERT INTO `table_pages`(Table_ID, Page_ID, Path_Filename) VALUES('/JbVahG+bXOwlVZX5p5Cew', 'DMOnHB6R/wc6cXt89xU9OUTRxKMYr7mnlvpUZidmV7g=', 'service/csv_service.php');
INSERT INTO `table_pages`(Table_ID, Page_ID, Path_Filename) VALUES('/JbVahG+bXOwlVZX5p5Cew', 'EAOGEEl9nxgSOWL/Rb5QoOYKSwEPz/eM8wakTQEEk3o=', 'service/reporter_pdfresult_service.php');
INSERT INTO `table_pages`(Table_ID, Page_ID, Path_Filename) VALUES('/JbVahG+bXOwlVZX5p5Cew', 'Mv+1k7TH5VAPb74N+qvQCfXbqWhlyILNtEvdMQHKIxA=', 'service/listview_service.php');
INSERT INTO `table_pages`(Table_ID, Page_ID, Path_Filename) VALUES('/JbVahG+bXOwlVZX5p5Cew', 'qWMTJddAsNYOu7YBrSc/AV79roA/630phvlC4N6Z7KI=', 'service/delete_service.php');
INSERT INTO `table_pages`(Table_ID, Page_ID, Path_Filename) VALUES('/JbVahG+bXOwlVZX5p5Cew', 'X0JsxS82n8sIFiKwpQCR9c99doOFEsHIxs4pDGZxg+8=', 'service/reporter_service.php');
INSERT INTO `table_pages`(Table_ID, Page_ID, Path_Filename) VALUES('EWrv8xXi6ejoCPQ3gHEC8A', '+nSXSR+3BnhhMmaBfNYLbZW1Klls8lauC+9jhXjFZPg=', 'bulletin/add_bulletin.php');
INSERT INTO `table_pages`(Table_ID, Page_ID, Path_Filename) VALUES('EWrv8xXi6ejoCPQ3gHEC8A', '/0CxWVJHlM+Z9jATzhv6vAHQnuZZWS4URCnxcUxceXc=', 'bulletin/reporter_result_bulletin.php');
INSERT INTO `table_pages`(Table_ID, Page_ID, Path_Filename) VALUES('EWrv8xXi6ejoCPQ3gHEC8A', 'alOVwAQ+rL1qGsKXzH3ntUOTsz3+58x/CjrGwNCoLZU=', 'bulletin/edit_bulletin.php');
INSERT INTO `table_pages`(Table_ID, Page_ID, Path_Filename) VALUES('EWrv8xXi6ejoCPQ3gHEC8A', 'AoJ17xCURhNmjVr+1xWj5Ipr8Jqf461C5RKOc6oCY5s=', 'bulletin/detailview_bulletin.php');
INSERT INTO `table_pages`(Table_ID, Page_ID, Path_Filename) VALUES('EWrv8xXi6ejoCPQ3gHEC8A', 'DMOnHB6R/wc6cXt89xU9OUTRxKMYr7mnlvpUZidmV7g=', 'bulletin/csv_bulletin.php');
INSERT INTO `table_pages`(Table_ID, Page_ID, Path_Filename) VALUES('EWrv8xXi6ejoCPQ3gHEC8A', 'EAOGEEl9nxgSOWL/Rb5QoOYKSwEPz/eM8wakTQEEk3o=', 'bulletin/reporter_pdfresult_bulletin.php');
INSERT INTO `table_pages`(Table_ID, Page_ID, Path_Filename) VALUES('EWrv8xXi6ejoCPQ3gHEC8A', 'Mv+1k7TH5VAPb74N+qvQCfXbqWhlyILNtEvdMQHKIxA=', 'bulletin/listview_bulletin.php');
INSERT INTO `table_pages`(Table_ID, Page_ID, Path_Filename) VALUES('EWrv8xXi6ejoCPQ3gHEC8A', 'qWMTJddAsNYOu7YBrSc/AV79roA/630phvlC4N6Z7KI=', 'bulletin/delete_bulletin.php');
INSERT INTO `table_pages`(Table_ID, Page_ID, Path_Filename) VALUES('EWrv8xXi6ejoCPQ3gHEC8A', 'X0JsxS82n8sIFiKwpQCR9c99doOFEsHIxs4pDGZxg+8=', 'bulletin/reporter_bulletin.php');
INSERT INTO `table_pages`(Table_ID, Page_ID, Path_Filename) VALUES('EKgWyirhUhwYC3TQu8CeLg', '+nSXSR+3BnhhMmaBfNYLbZW1Klls8lauC+9jhXjFZPg=', 'request/add_request_has_requirement.php');
INSERT INTO `table_pages`(Table_ID, Page_ID, Path_Filename) VALUES('EKgWyirhUhwYC3TQu8CeLg', '/0CxWVJHlM+Z9jATzhv6vAHQnuZZWS4URCnxcUxceXc=', 'request/reporter_result_request_has_requirement.php');
INSERT INTO `table_pages`(Table_ID, Page_ID, Path_Filename) VALUES('EKgWyirhUhwYC3TQu8CeLg', 'alOVwAQ+rL1qGsKXzH3ntUOTsz3+58x/CjrGwNCoLZU=', 'request/edit_request_has_requirement.php');
INSERT INTO `table_pages`(Table_ID, Page_ID, Path_Filename) VALUES('EKgWyirhUhwYC3TQu8CeLg', 'AoJ17xCURhNmjVr+1xWj5Ipr8Jqf461C5RKOc6oCY5s=', 'request/detailview_request_has_requirement.php');
INSERT INTO `table_pages`(Table_ID, Page_ID, Path_Filename) VALUES('EKgWyirhUhwYC3TQu8CeLg', 'DMOnHB6R/wc6cXt89xU9OUTRxKMYr7mnlvpUZidmV7g=', 'request/csv_request_has_requirement.php');
INSERT INTO `table_pages`(Table_ID, Page_ID, Path_Filename) VALUES('EKgWyirhUhwYC3TQu8CeLg', 'EAOGEEl9nxgSOWL/Rb5QoOYKSwEPz/eM8wakTQEEk3o=', 'request/reporter_pdfresult_request_has_requirement.php');
INSERT INTO `table_pages`(Table_ID, Page_ID, Path_Filename) VALUES('EKgWyirhUhwYC3TQu8CeLg', 'Mv+1k7TH5VAPb74N+qvQCfXbqWhlyILNtEvdMQHKIxA=', 'request/listview_request_has_requirement.php');
INSERT INTO `table_pages`(Table_ID, Page_ID, Path_Filename) VALUES('EKgWyirhUhwYC3TQu8CeLg', 'qWMTJddAsNYOu7YBrSc/AV79roA/630phvlC4N6Z7KI=', 'request/delete_request_has_requirement.php');
INSERT INTO `table_pages`(Table_ID, Page_ID, Path_Filename) VALUES('EKgWyirhUhwYC3TQu8CeLg', 'X0JsxS82n8sIFiKwpQCR9c99doOFEsHIxs4pDGZxg+8=', 'request/reporter_request_has_requirement.php');


INSERT INTO `table_relations`(Relation_ID, Project_ID, Relation, Parent_Field_ID, Child_Field_ID, Label, Child_Field_Subtext) VALUES('hWyNpLi0t94mccFX8PdDZg', 'tl05Ti9Zu+yEKfnKwsEg6g', 'ONE-to-ONE', 'zIJ+Jp/ZfWY4munTZfytMg', '4ORraFgUSWYk332QWbKo3g', 'citizen=>official', 'first_name,middle_name,last_name');
INSERT INTO `table_relations`(Relation_ID, Project_ID, Relation, Parent_Field_ID, Child_Field_ID, Label, Child_Field_Subtext) VALUES('U5CYL0lUe8GGEVxqrYq3Mw', 'tl05Ti9Zu+yEKfnKwsEg6g', 'ONE-to-ONE', 'W24HhrS4jSjmIVzEW28PtA', 'HNSjM7c3eTpifTw6aAY0EA', 'service=>request', 'service_id,service_name');
INSERT INTO `table_relations`(Relation_ID, Project_ID, Relation, Parent_Field_ID, Child_Field_ID, Label, Child_Field_Subtext) VALUES('u5MspmSVdeko/6lS/B+SFw', 'tl05Ti9Zu+yEKfnKwsEg6g', 'ONE-to-ONE', 'zIJ+Jp/ZfWY4munTZfytMg', '5a/1UuxO4CCC8ZfYK5AgVQ', 'citizen=>request', 'first_name,middle_name,last_name');
INSERT INTO `table_relations`(Relation_ID, Project_ID, Relation, Parent_Field_ID, Child_Field_ID, Label, Child_Field_Subtext) VALUES('phL+tS0EsdccM4LS24g6vA', 'tl05Ti9Zu+yEKfnKwsEg6g', 'ONE-to-MANY', '8Nkx6fx0Pvdq2yKJyYS9+Q', 'DM+xKPbHoedDohyy4Ax5Zg', 'request=>request_has_requirement', '');
INSERT INTO `table_relations`(Relation_ID, Project_ID, Relation, Parent_Field_ID, Child_Field_ID, Label, Child_Field_Subtext) VALUES('How8mFzlYPceOspDKbPQnA', 'tl05Ti9Zu+yEKfnKwsEg6g', 'ONE-to-MANY', 'zIJ+Jp/ZfWY4munTZfytMg', 'po6wfFzU10551Ogt5nbR0Q', 'citizen=>validate', '');
INSERT INTO `table_relations`(Relation_ID, Project_ID, Relation, Parent_Field_ID, Child_Field_ID, Label, Child_Field_Subtext) VALUES('sIUD+/E0MMBCx64fU6mfOg', 'tl05Ti9Zu+yEKfnKwsEg6g', 'ONE-to-ONE', 'W24HhrS4jSjmIVzEW28PtA', 'gO16bZ9f5CMfn8cFGv7nsA', 'service=>requirement', 'service_id,service_name');
INSERT INTO `table_relations`(Relation_ID, Project_ID, Relation, Parent_Field_ID, Child_Field_ID, Label, Child_Field_Subtext) VALUES('SKzl3lQLfAihiwXoyWU4vQ', 'tl05Ti9Zu+yEKfnKwsEg6g', 'ONE-to-ONE', 'skE3K6fvEtHbDagL9SjtdQ', 'iMBnFkPlygSfUWTzmPhT3Q', 'official=>bulletin', 'official_name');
INSERT INTO `table_relations`(Relation_ID, Project_ID, Relation, Parent_Field_ID, Child_Field_ID, Label, Child_Field_Subtext) VALUES('pOjm36k7OxBQrlwBrH7uYQ', 'tl05Ti9Zu+yEKfnKwsEg6g', 'ONE-to-ONE', 'zIJ+Jp/ZfWY4munTZfytMg', 'xP/CVsAnWDVsTSypni9agA', 'citizen=>validate', 'first_name,middle_name,last_name');


INSERT INTO `table_fields_predefined_list`(List_ID, Project_ID, List_Name, Remarks) VALUES('xU2EOzkpO45LTbiuI+pMtg', 'tl05Ti9Zu+yEKfnKwsEg6g', 'Male/Female', 'Male/Female gender list');
INSERT INTO `table_fields_predefined_list`(List_ID, Project_ID, List_Name, Remarks) VALUES('4to6m4+hY9QX2ngP0+6Szg', 'tl05Ti9Zu+yEKfnKwsEg6g', 'On/Off', 'On/Off status list');
INSERT INTO `table_fields_predefined_list`(List_ID, Project_ID, List_Name, Remarks) VALUES('WwZwuqCXEA2F+tP4PqIj4A', 'tl05Ti9Zu+yEKfnKwsEg6g', 'TRUE/FALSE', 'TRUE/FALSE list');
INSERT INTO `table_fields_predefined_list`(List_ID, Project_ID, List_Name, Remarks) VALUES('iOG2mArXQBvw5vz5W6QuYg', 'tl05Ti9Zu+yEKfnKwsEg6g', 'M/F', 'Single character male/female gender list');
INSERT INTO `table_fields_predefined_list`(List_ID, Project_ID, List_Name, Remarks) VALUES('BtHsaDrhY32mojB4JSJpGg', 'tl05Ti9Zu+yEKfnKwsEg6g', 'Yes/No', 'Yes/No list');
INSERT INTO `table_fields_predefined_list`(List_ID, Project_ID, List_Name, Remarks) VALUES('Yy7KrS3GL14d3P1rLM7EaA', 'tl05Ti9Zu+yEKfnKwsEg6g', 'Y/N', 'Single character yes/no list');
INSERT INTO `table_fields_predefined_list`(List_ID, Project_ID, List_Name, Remarks) VALUES('OXApXCXrQ0o29Tim2Ab/AA', 'tl05Ti9Zu+yEKfnKwsEg6g', 'civil status', 'civil status');
INSERT INTO `table_fields_predefined_list`(List_ID, Project_ID, List_Name, Remarks) VALUES('LSyaOqtoqXV6l3Ikzulpew', 'tl05Ti9Zu+yEKfnKwsEg6g', 'Region', '.');
INSERT INTO `table_fields_predefined_list`(List_ID, Project_ID, List_Name, Remarks) VALUES('kN5/C+bWX4OKBFbQg76/sg', 'tl05Ti9Zu+yEKfnKwsEg6g', 'Position', 'Officials position');
INSERT INTO `table_fields_predefined_list`(List_ID, Project_ID, List_Name, Remarks) VALUES('cTXvZ82is1Q3KJrEgQLZ8g', 'tl05Ti9Zu+yEKfnKwsEg6g', 'status', 'status of request');
INSERT INTO `table_fields_predefined_list`(List_ID, Project_ID, List_Name, Remarks) VALUES('XC1i0GotE5lwgiQJB/gGuQ', 'tl05Ti9Zu+yEKfnKwsEg6g', 'category', 'category of the bulletin');


INSERT INTO `table_fields_predefined_list_items`(List_ID, Number, List_Item) VALUES('xU2EOzkpO45LTbiuI+pMtg', '1', 'Male');
INSERT INTO `table_fields_predefined_list_items`(List_ID, Number, List_Item) VALUES('xU2EOzkpO45LTbiuI+pMtg', '2', 'Female');
INSERT INTO `table_fields_predefined_list_items`(List_ID, Number, List_Item) VALUES('4to6m4+hY9QX2ngP0+6Szg', '1', 'On');
INSERT INTO `table_fields_predefined_list_items`(List_ID, Number, List_Item) VALUES('4to6m4+hY9QX2ngP0+6Szg', '2', 'Off');
INSERT INTO `table_fields_predefined_list_items`(List_ID, Number, List_Item) VALUES('WwZwuqCXEA2F+tP4PqIj4A', '1', 'TRUE');
INSERT INTO `table_fields_predefined_list_items`(List_ID, Number, List_Item) VALUES('WwZwuqCXEA2F+tP4PqIj4A', '2', 'FALSE');
INSERT INTO `table_fields_predefined_list_items`(List_ID, Number, List_Item) VALUES('iOG2mArXQBvw5vz5W6QuYg', '1', 'M');
INSERT INTO `table_fields_predefined_list_items`(List_ID, Number, List_Item) VALUES('iOG2mArXQBvw5vz5W6QuYg', '2', 'F');
INSERT INTO `table_fields_predefined_list_items`(List_ID, Number, List_Item) VALUES('BtHsaDrhY32mojB4JSJpGg', '1', 'Yes');
INSERT INTO `table_fields_predefined_list_items`(List_ID, Number, List_Item) VALUES('BtHsaDrhY32mojB4JSJpGg', '2', 'No');
INSERT INTO `table_fields_predefined_list_items`(List_ID, Number, List_Item) VALUES('Yy7KrS3GL14d3P1rLM7EaA', '1', 'Y');
INSERT INTO `table_fields_predefined_list_items`(List_ID, Number, List_Item) VALUES('Yy7KrS3GL14d3P1rLM7EaA', '2', 'N');
INSERT INTO `table_fields_predefined_list_items`(List_ID, Number, List_Item) VALUES('OXApXCXrQ0o29Tim2Ab/AA', '1', 'Single');
INSERT INTO `table_fields_predefined_list_items`(List_ID, Number, List_Item) VALUES('OXApXCXrQ0o29Tim2Ab/AA', '2', 'Married');
INSERT INTO `table_fields_predefined_list_items`(List_ID, Number, List_Item) VALUES('OXApXCXrQ0o29Tim2Ab/AA', '3', 'Widdow');
INSERT INTO `table_fields_predefined_list_items`(List_ID, Number, List_Item) VALUES('OXApXCXrQ0o29Tim2Ab/AA', '4', 'Divorced');
INSERT INTO `table_fields_predefined_list_items`(List_ID, Number, List_Item) VALUES('OXApXCXrQ0o29Tim2Ab/AA', '5', 'Living common law');
INSERT INTO `table_fields_predefined_list_items`(List_ID, Number, List_Item) VALUES('OXApXCXrQ0o29Tim2Ab/AA', '6', 'Separated');
INSERT INTO `table_fields_predefined_list_items`(List_ID, Number, List_Item) VALUES('LSyaOqtoqXV6l3Ikzulpew', '1', 'National Capital Region (NCR)');
INSERT INTO `table_fields_predefined_list_items`(List_ID, Number, List_Item) VALUES('LSyaOqtoqXV6l3Ikzulpew', '2', 'Ilocos Region(Region I)');
INSERT INTO `table_fields_predefined_list_items`(List_ID, Number, List_Item) VALUES('LSyaOqtoqXV6l3Ikzulpew', '3', 'Cordillera Administrative Region(CAR)');
INSERT INTO `table_fields_predefined_list_items`(List_ID, Number, List_Item) VALUES('LSyaOqtoqXV6l3Ikzulpew', '4', 'Cagayan Valley(Region II)');
INSERT INTO `table_fields_predefined_list_items`(List_ID, Number, List_Item) VALUES('LSyaOqtoqXV6l3Ikzulpew', '5', 'Central Luzon(Region III)');
INSERT INTO `table_fields_predefined_list_items`(List_ID, Number, List_Item) VALUES('LSyaOqtoqXV6l3Ikzulpew', '6', 'CALABARZON(Region IV-A)');
INSERT INTO `table_fields_predefined_list_items`(List_ID, Number, List_Item) VALUES('LSyaOqtoqXV6l3Ikzulpew', '7', 'MIMAROPA(Region IV-B)');
INSERT INTO `table_fields_predefined_list_items`(List_ID, Number, List_Item) VALUES('LSyaOqtoqXV6l3Ikzulpew', '8', 'Bicol Region(Region V)');
INSERT INTO `table_fields_predefined_list_items`(List_ID, Number, List_Item) VALUES('LSyaOqtoqXV6l3Ikzulpew', '9', 'Western Visayas(Region VI)');
INSERT INTO `table_fields_predefined_list_items`(List_ID, Number, List_Item) VALUES('LSyaOqtoqXV6l3Ikzulpew', '10', 'Negros IslandRegion(NIR or Region XVIII)');
INSERT INTO `table_fields_predefined_list_items`(List_ID, Number, List_Item) VALUES('LSyaOqtoqXV6l3Ikzulpew', '11', 'Central Visayas(Region VII)');
INSERT INTO `table_fields_predefined_list_items`(List_ID, Number, List_Item) VALUES('LSyaOqtoqXV6l3Ikzulpew', '12', 'Eastern Visayas(Region VIII)');
INSERT INTO `table_fields_predefined_list_items`(List_ID, Number, List_Item) VALUES('LSyaOqtoqXV6l3Ikzulpew', '13', 'ZamboangaPeninsula(Region IX)');
INSERT INTO `table_fields_predefined_list_items`(List_ID, Number, List_Item) VALUES('LSyaOqtoqXV6l3Ikzulpew', '14', 'Northern Mindanao(Region X)');
INSERT INTO `table_fields_predefined_list_items`(List_ID, Number, List_Item) VALUES('LSyaOqtoqXV6l3Ikzulpew', '15', 'Caraga(Region XIII)');
INSERT INTO `table_fields_predefined_list_items`(List_ID, Number, List_Item) VALUES('LSyaOqtoqXV6l3Ikzulpew', '16', 'Davao Region(Region XI)');
INSERT INTO `table_fields_predefined_list_items`(List_ID, Number, List_Item) VALUES('LSyaOqtoqXV6l3Ikzulpew', '17', 'SOCCSKSARGEN(Region XII)');
INSERT INTO `table_fields_predefined_list_items`(List_ID, Number, List_Item) VALUES('LSyaOqtoqXV6l3Ikzulpew', '18', 'Autonomous Regionin Muslim Mindanao(ARMM)');
INSERT INTO `table_fields_predefined_list_items`(List_ID, Number, List_Item) VALUES('kN5/C+bWX4OKBFbQg76/sg', '1', 'Barangay Chairman');
INSERT INTO `table_fields_predefined_list_items`(List_ID, Number, List_Item) VALUES('kN5/C+bWX4OKBFbQg76/sg', '2', 'Barangay Secretary');
INSERT INTO `table_fields_predefined_list_items`(List_ID, Number, List_Item) VALUES('kN5/C+bWX4OKBFbQg76/sg', '3', 'Barangay Treasurer');
INSERT INTO `table_fields_predefined_list_items`(List_ID, Number, List_Item) VALUES('kN5/C+bWX4OKBFbQg76/sg', '4', 'SK Chairman');
INSERT INTO `table_fields_predefined_list_items`(List_ID, Number, List_Item) VALUES('kN5/C+bWX4OKBFbQg76/sg', '5', 'SK Scretary');
INSERT INTO `table_fields_predefined_list_items`(List_ID, Number, List_Item) VALUES('kN5/C+bWX4OKBFbQg76/sg', '6', 'SK Treasurer');
INSERT INTO `table_fields_predefined_list_items`(List_ID, Number, List_Item) VALUES('cTXvZ82is1Q3KJrEgQLZ8g', '1', 'Accepted');
INSERT INTO `table_fields_predefined_list_items`(List_ID, Number, List_Item) VALUES('cTXvZ82is1Q3KJrEgQLZ8g', '2', 'Not Accepted');
INSERT INTO `table_fields_predefined_list_items`(List_ID, Number, List_Item) VALUES('cTXvZ82is1Q3KJrEgQLZ8g', '3', 'Wait list');
INSERT INTO `table_fields_predefined_list_items`(List_ID, Number, List_Item) VALUES('XC1i0GotE5lwgiQJB/gGuQ', '1', 'Education');
INSERT INTO `table_fields_predefined_list_items`(List_ID, Number, List_Item) VALUES('XC1i0GotE5lwgiQJB/gGuQ', '2', 'Health');
INSERT INTO `table_fields_predefined_list_items`(List_ID, Number, List_Item) VALUES('XC1i0GotE5lwgiQJB/gGuQ', '3', 'Information');


