OPTIMIZE TABLE `project`, `database_connection`, `table`, `table_fields`, `table_fields_list`, `table_fields_list_source_select`, `table_fields_list_source_where`, `table_pages`, `table_relations`,`table_fields_predefined_list`, `table_fields_predefined_list_items`;


INSERT INTO `project`(Project_ID, Project_Name, Client_Name, Project_Description, Base_Directory, Database_Connection_ID) VALUES('tl05Ti9Zu+yEKfnKwsEg6g', 'Barangay System', 'Abner Arrieta', '.', 'barangay', 'J4DWiApQoR98sxVzvkQSpw');


INSERT INTO `database_connection`(DB_Connection_ID, Project_ID, DB_Connection_Name, Hostname, Username, Password, `Database`) VALUES('J4DWiApQoR98sxVzvkQSpw', 'tl05Ti9Zu+yEKfnKwsEg6g', 'con1', 'localhost', 'root', '','barangay');


INSERT INTO `table`(Table_ID, Project_ID, DB_Connection_ID, Table_Name, Remarks) VALUES('kch1paJBspKqHl6fM21LIA', 'tl05Ti9Zu+yEKfnKwsEg6g', 'J4DWiApQoR98sxVzvkQSpw', 'barangay', '');
INSERT INTO `table`(Table_ID, Project_ID, DB_Connection_ID, Table_Name, Remarks) VALUES('M7NKzXX4dDhEoTBVWxfT1w', 'tl05Ti9Zu+yEKfnKwsEg6g', 'J4DWiApQoR98sxVzvkQSpw', 'bulletin', '');
INSERT INTO `table`(Table_ID, Project_ID, DB_Connection_ID, Table_Name, Remarks) VALUES('BYf9jiy4n/VsHSmtJap8gQ', 'tl05Ti9Zu+yEKfnKwsEg6g', 'J4DWiApQoR98sxVzvkQSpw', 'citizen', '');
INSERT INTO `table`(Table_ID, Project_ID, DB_Connection_ID, Table_Name, Remarks) VALUES('pcl44WGaRerapbAbZaPRDw', 'tl05Ti9Zu+yEKfnKwsEg6g', 'J4DWiApQoR98sxVzvkQSpw', 'city', '');
INSERT INTO `table`(Table_ID, Project_ID, DB_Connection_ID, Table_Name, Remarks) VALUES('UGoYijf1uPZygkK4aKL3BA', 'tl05Ti9Zu+yEKfnKwsEg6g', 'J4DWiApQoR98sxVzvkQSpw', 'notification', '');
INSERT INTO `table`(Table_ID, Project_ID, DB_Connection_ID, Table_Name, Remarks) VALUES('xkysH6HvJxGLLSd2T3REVA', 'tl05Ti9Zu+yEKfnKwsEg6g', 'J4DWiApQoR98sxVzvkQSpw', 'official', '');
INSERT INTO `table`(Table_ID, Project_ID, DB_Connection_ID, Table_Name, Remarks) VALUES('x3AlSCd+MSQBJWgb+ieaEA', 'tl05Ti9Zu+yEKfnKwsEg6g', 'J4DWiApQoR98sxVzvkQSpw', 'province', '');
INSERT INTO `table`(Table_ID, Project_ID, DB_Connection_ID, Table_Name, Remarks) VALUES('GB0Q7RZu5fE49cK0i9Q+7Q', 'tl05Ti9Zu+yEKfnKwsEg6g', 'J4DWiApQoR98sxVzvkQSpw', 'region', '');
INSERT INTO `table`(Table_ID, Project_ID, DB_Connection_ID, Table_Name, Remarks) VALUES('8vOhn2ORuhNxJpFj7a8QwQ', 'tl05Ti9Zu+yEKfnKwsEg6g', 'J4DWiApQoR98sxVzvkQSpw', 'request', '');
INSERT INTO `table`(Table_ID, Project_ID, DB_Connection_ID, Table_Name, Remarks) VALUES('nmbVh8cTNAERRSM0wIEn9Q', 'tl05Ti9Zu+yEKfnKwsEg6g', 'J4DWiApQoR98sxVzvkQSpw', 'request_has_requirement', '');
INSERT INTO `table`(Table_ID, Project_ID, DB_Connection_ID, Table_Name, Remarks) VALUES('nmtwEtRPmkvjrEu8/qsjaw', 'tl05Ti9Zu+yEKfnKwsEg6g', 'J4DWiApQoR98sxVzvkQSpw', 'requirement', '');
INSERT INTO `table`(Table_ID, Project_ID, DB_Connection_ID, Table_Name, Remarks) VALUES('RetMn8vVODRi4ThYc8FCVA', 'tl05Ti9Zu+yEKfnKwsEg6g', 'J4DWiApQoR98sxVzvkQSpw', 'service', '');
INSERT INTO `table`(Table_ID, Project_ID, DB_Connection_ID, Table_Name, Remarks) VALUES('fWWWOpaZCVXE+q5P4kM0Hg', 'tl05Ti9Zu+yEKfnKwsEg6g', 'J4DWiApQoR98sxVzvkQSpw', 'validate', '');
INSERT INTO `table`(Table_ID, Project_ID, DB_Connection_ID, Table_Name, Remarks) VALUES('sizcBfeFeCAAPWLgk0pwag', 'tl05Ti9Zu+yEKfnKwsEg6g', 'J4DWiApQoR98sxVzvkQSpw', 'zone', '');


INSERT INTO `table_fields`(Field_ID, Table_ID, Field_Name, Data_Type, Nullable, Length, Attribute, Control_Type, Label, In_Listview, Auto_Increment) VALUES('tMmCaiH8ZhrA6wOtndds5w', 'M7NKzXX4dDhEoTBVWxfT1w', 'bulletin_id', 'integer', 'NO', '11', 'primary key', 'none', 'Bulletin ID', 'no', 'Y');
INSERT INTO `table_fields`(Field_ID, Table_ID, Field_Name, Data_Type, Nullable, Length, Attribute, Control_Type, Label, In_Listview, Auto_Increment) VALUES('eJMZ0MJZhKyOFHHuLuHNsQ', 'M7NKzXX4dDhEoTBVWxfT1w', 'bulletin_name', 'varchar', 'NO', '45', '', 'textbox', 'Bulletin Name', 'yes', 'N');
INSERT INTO `table_fields`(Field_ID, Table_ID, Field_Name, Data_Type, Nullable, Length, Attribute, Control_Type, Label, In_Listview, Auto_Increment) VALUES('3g/8jZkVurSQOP8RrT4hIw', 'M7NKzXX4dDhEoTBVWxfT1w', 'bulletin_description', 'text', 'NO', '0', '', 'textarea', 'Bulletin Description', 'yes', 'N');
INSERT INTO `table_fields`(Field_ID, Table_ID, Field_Name, Data_Type, Nullable, Length, Attribute, Control_Type, Label, In_Listview, Auto_Increment) VALUES('ZnZ+F/IkFmnsFMl8ifujag', 'M7NKzXX4dDhEoTBVWxfT1w', 'bulletin_date', 'date', 'NO', '0', '', 'date controls', 'Bulletin Date', 'yes', 'N');
INSERT INTO `table_fields`(Field_ID, Table_ID, Field_Name, Data_Type, Nullable, Length, Attribute, Control_Type, Label, In_Listview, Auto_Increment) VALUES('DgaQ0Ri0lYD6CivO6ymdiQ', 'M7NKzXX4dDhEoTBVWxfT1w', 'file_document', 'varchar', 'NO', '255', 'none', 'upload', 'File Document', 'yes', 'N');
INSERT INTO `table_fields`(Field_ID, Table_ID, Field_Name, Data_Type, Nullable, Length, Attribute, Control_Type, Label, In_Listview, Auto_Increment) VALUES('Vmn8cLkblrNWShARYqs27Q', 'M7NKzXX4dDhEoTBVWxfT1w', 'category', 'varchar', 'NO', '45', 'none', 'drop-down list', 'Category', 'yes', 'N');
INSERT INTO `table_fields`(Field_ID, Table_ID, Field_Name, Data_Type, Nullable, Length, Attribute, Control_Type, Label, In_Listview, Auto_Increment) VALUES('i+rCyOlTgqdBuiUgDlgAkQ', 'M7NKzXX4dDhEoTBVWxfT1w', 'is_show', 'varchar', 'NO', '3', 'none', 'radio buttons', 'Is Show', 'yes', 'N');
INSERT INTO `table_fields`(Field_ID, Table_ID, Field_Name, Data_Type, Nullable, Length, Attribute, Control_Type, Label, In_Listview, Auto_Increment) VALUES('cHo/nvf3Q/khtTuE9ZTcmw', 'BYf9jiy4n/VsHSmtJap8gQ', 'citizen_id', 'integer', 'NO', '11', 'primary key', 'none', 'Citizen ID', 'no', 'Y');
INSERT INTO `table_fields`(Field_ID, Table_ID, Field_Name, Data_Type, Nullable, Length, Attribute, Control_Type, Label, In_Listview, Auto_Increment) VALUES('pbEU5yfIMuRmkTDNjDEvlg', 'BYf9jiy4n/VsHSmtJap8gQ', 'first_name', 'varchar', 'NO', '45', '', 'textbox', 'First Name', 'yes', 'N');
INSERT INTO `table_fields`(Field_ID, Table_ID, Field_Name, Data_Type, Nullable, Length, Attribute, Control_Type, Label, In_Listview, Auto_Increment) VALUES('tvE5xS1PO5RXS6lctYccdA', 'BYf9jiy4n/VsHSmtJap8gQ', 'middle_name', 'varchar', 'NO', '45', '', 'textbox', 'Middle Name', 'yes', 'N');
INSERT INTO `table_fields`(Field_ID, Table_ID, Field_Name, Data_Type, Nullable, Length, Attribute, Control_Type, Label, In_Listview, Auto_Increment) VALUES('fn2gUYY3djgiEuCfDYk+eQ', 'BYf9jiy4n/VsHSmtJap8gQ', 'last_name', 'varchar', 'NO', '45', '', 'textbox', 'Last Name', 'yes', 'N');
INSERT INTO `table_fields`(Field_ID, Table_ID, Field_Name, Data_Type, Nullable, Length, Attribute, Control_Type, Label, In_Listview, Auto_Increment) VALUES('EYe/KuLeYmDvjcCC6C821Q', 'BYf9jiy4n/VsHSmtJap8gQ', 'gender', 'varchar', 'NO', '6', 'none', 'radio buttons', 'Gender', 'yes', 'N');
INSERT INTO `table_fields`(Field_ID, Table_ID, Field_Name, Data_Type, Nullable, Length, Attribute, Control_Type, Label, In_Listview, Auto_Increment) VALUES('tI8+tIWhXf9/8P27XTD8ew', 'BYf9jiy4n/VsHSmtJap8gQ', 'birth_date', 'date', 'NO', '0', '', 'date controls', 'Birth Date', 'yes', 'N');
INSERT INTO `table_fields`(Field_ID, Table_ID, Field_Name, Data_Type, Nullable, Length, Attribute, Control_Type, Label, In_Listview, Auto_Increment) VALUES('MftqTyezCbDApKNPzoKhxw', 'BYf9jiy4n/VsHSmtJap8gQ', 'birth_place', 'varchar', 'NO', '45', '', 'textbox', 'Birth Place', 'yes', 'N');
INSERT INTO `table_fields`(Field_ID, Table_ID, Field_Name, Data_Type, Nullable, Length, Attribute, Control_Type, Label, In_Listview, Auto_Increment) VALUES('RFyJsZu62EmGO0J0gl0xzA', 'BYf9jiy4n/VsHSmtJap8gQ', 'weight', 'decimal', 'NO', '6', '', 'textbox', 'Weight', 'yes', 'N');
INSERT INTO `table_fields`(Field_ID, Table_ID, Field_Name, Data_Type, Nullable, Length, Attribute, Control_Type, Label, In_Listview, Auto_Increment) VALUES('KE0YiqdyN3xSj6AltLtRbQ', 'BYf9jiy4n/VsHSmtJap8gQ', 'height', 'integer', 'NO', '3', '', 'textbox', 'Height', 'yes', 'N');
INSERT INTO `table_fields`(Field_ID, Table_ID, Field_Name, Data_Type, Nullable, Length, Attribute, Control_Type, Label, In_Listview, Auto_Increment) VALUES('1VFxpTj1eVriDZwsjNpqzQ', 'BYf9jiy4n/VsHSmtJap8gQ', 'civil_status', 'varchar', 'NO', '45', 'none', 'drop-down list', 'Civil Status', 'yes', 'N');
INSERT INTO `table_fields`(Field_ID, Table_ID, Field_Name, Data_Type, Nullable, Length, Attribute, Control_Type, Label, In_Listview, Auto_Increment) VALUES('+3Fr+V1w66aXXH3GWrFvuA', 'BYf9jiy4n/VsHSmtJap8gQ', 'occupation', 'varchar', 'NO', '45', '', 'textbox', 'Occupation', 'yes', 'N');
INSERT INTO `table_fields`(Field_ID, Table_ID, Field_Name, Data_Type, Nullable, Length, Attribute, Control_Type, Label, In_Listview, Auto_Increment) VALUES('/QsTjPgWLNgJikzqJt5LYg', 'BYf9jiy4n/VsHSmtJap8gQ', 'cellphone_number', 'integer', 'YES', '11', '', 'textbox', 'Cellphone Number', 'yes', 'N');
INSERT INTO `table_fields`(Field_ID, Table_ID, Field_Name, Data_Type, Nullable, Length, Attribute, Control_Type, Label, In_Listview, Auto_Increment) VALUES('wjth8ogcYkW50d7wAo11LA', 'BYf9jiy4n/VsHSmtJap8gQ', 'telephone_number', 'integer', 'YES', '7', '', 'textbox', 'Telephone Number', 'yes', 'N');
INSERT INTO `table_fields`(Field_ID, Table_ID, Field_Name, Data_Type, Nullable, Length, Attribute, Control_Type, Label, In_Listview, Auto_Increment) VALUES('UK6aBxDF1ZUCunHHWF8Ypw', 'BYf9jiy4n/VsHSmtJap8gQ', 'region', 'varchar', 'NO', '45', 'foreign key', 'drop-down list', 'Region', 'yes', 'N');
INSERT INTO `table_fields`(Field_ID, Table_ID, Field_Name, Data_Type, Nullable, Length, Attribute, Control_Type, Label, In_Listview, Auto_Increment) VALUES('Ip2EeaXbcIbQuzsZ8BAXcQ', 'BYf9jiy4n/VsHSmtJap8gQ', 'province', 'varchar', 'NO', '45', 'foreign key', 'drop-down list', 'Province', 'yes', 'N');
INSERT INTO `table_fields`(Field_ID, Table_ID, Field_Name, Data_Type, Nullable, Length, Attribute, Control_Type, Label, In_Listview, Auto_Increment) VALUES('V/Ci7v2oPGROR0+GJjv2bQ', 'BYf9jiy4n/VsHSmtJap8gQ', 'city', 'varchar', 'NO', '45', 'foreign key', 'drop-down list', 'City', 'yes', 'N');
INSERT INTO `table_fields`(Field_ID, Table_ID, Field_Name, Data_Type, Nullable, Length, Attribute, Control_Type, Label, In_Listview, Auto_Increment) VALUES('outvMZSuP5S6OUljIEW/LQ', 'BYf9jiy4n/VsHSmtJap8gQ', 'district', 'varchar', 'NO', '45', '', 'textbox', 'District', 'yes', 'N');
INSERT INTO `table_fields`(Field_ID, Table_ID, Field_Name, Data_Type, Nullable, Length, Attribute, Control_Type, Label, In_Listview, Auto_Increment) VALUES('H84dM/cy+Ep+Z6COB5Mw9w', 'BYf9jiy4n/VsHSmtJap8gQ', 'barangay', 'varchar', 'NO', '45', 'foreign key', 'drop-down list', 'Barangay', 'yes', 'N');
INSERT INTO `table_fields`(Field_ID, Table_ID, Field_Name, Data_Type, Nullable, Length, Attribute, Control_Type, Label, In_Listview, Auto_Increment) VALUES('hVKI0jU73Fqk7z5zibyHRQ', 'BYf9jiy4n/VsHSmtJap8gQ', 'zip_code', 'integer', 'NO', '5', '', 'textbox', 'Zip Code', 'yes', 'N');
INSERT INTO `table_fields`(Field_ID, Table_ID, Field_Name, Data_Type, Nullable, Length, Attribute, Control_Type, Label, In_Listview, Auto_Increment) VALUES('x6R+m5DNXqYJLhAECENJhg', 'BYf9jiy4n/VsHSmtJap8gQ', 'street', 'varchar', 'NO', '45', '', 'textbox', 'Street', 'yes', 'N');
INSERT INTO `table_fields`(Field_ID, Table_ID, Field_Name, Data_Type, Nullable, Length, Attribute, Control_Type, Label, In_Listview, Auto_Increment) VALUES('Y2++c7+ERz2Upz727Ja7tA', 'BYf9jiy4n/VsHSmtJap8gQ', 'house_number', 'varchar', 'NO', '45', '', 'textbox', 'House Number', 'yes', 'N');
INSERT INTO `table_fields`(Field_ID, Table_ID, Field_Name, Data_Type, Nullable, Length, Attribute, Control_Type, Label, In_Listview, Auto_Increment) VALUES('217rUeP4FPYuECz6Mi4gmg', 'BYf9jiy4n/VsHSmtJap8gQ', 'nationality', 'varchar', 'NO', '45', '', 'textbox', 'Nationality', 'yes', 'N');
INSERT INTO `table_fields`(Field_ID, Table_ID, Field_Name, Data_Type, Nullable, Length, Attribute, Control_Type, Label, In_Listview, Auto_Increment) VALUES('Kzqpat5HZHq/XrwiylRAHQ', 'BYf9jiy4n/VsHSmtJap8gQ', 'username', 'varchar', 'NO', '45', '', 'textbox', 'Username', 'yes', 'N');
INSERT INTO `table_fields`(Field_ID, Table_ID, Field_Name, Data_Type, Nullable, Length, Attribute, Control_Type, Label, In_Listview, Auto_Increment) VALUES('i5t1VIjySolnXuREuD1pww', 'BYf9jiy4n/VsHSmtJap8gQ', 'password', 'varchar', 'NO', '45', '', 'textbox', 'Password', 'yes', 'N');
INSERT INTO `table_fields`(Field_ID, Table_ID, Field_Name, Data_Type, Nullable, Length, Attribute, Control_Type, Label, In_Listview, Auto_Increment) VALUES('1LdzGQwffoi8I8+rmyuiiw', 'BYf9jiy4n/VsHSmtJap8gQ', 'email_address', 'varchar', 'YES', '45', '', 'textbox', 'Email Address', 'yes', 'N');
INSERT INTO `table_fields`(Field_ID, Table_ID, Field_Name, Data_Type, Nullable, Length, Attribute, Control_Type, Label, In_Listview, Auto_Increment) VALUES('3tMqLq9UBxfYpaP0RCF1IQ', 'BYf9jiy4n/VsHSmtJap8gQ', 'father_first_name', 'varchar', 'NO', '45', '', 'textbox', 'Father First Name', 'yes', 'N');
INSERT INTO `table_fields`(Field_ID, Table_ID, Field_Name, Data_Type, Nullable, Length, Attribute, Control_Type, Label, In_Listview, Auto_Increment) VALUES('gUeLsUr0BzpDlp4CePNa7w', 'BYf9jiy4n/VsHSmtJap8gQ', 'father_middle_name', 'varchar', 'NO', '45', '', 'textbox', 'Father Middle Name', 'yes', 'N');
INSERT INTO `table_fields`(Field_ID, Table_ID, Field_Name, Data_Type, Nullable, Length, Attribute, Control_Type, Label, In_Listview, Auto_Increment) VALUES('Rq2anVSvtt4xDnL2u1B+EQ', 'BYf9jiy4n/VsHSmtJap8gQ', 'father_last_name', 'varchar', 'NO', '45', '', 'textbox', 'Father Last Name', 'yes', 'N');
INSERT INTO `table_fields`(Field_ID, Table_ID, Field_Name, Data_Type, Nullable, Length, Attribute, Control_Type, Label, In_Listview, Auto_Increment) VALUES('2I10jC/hCxOoo+TJOabZmA', 'BYf9jiy4n/VsHSmtJap8gQ', 'mother_first_name', 'varchar', 'NO', '45', '', 'textbox', 'Mother First Name', 'yes', 'N');
INSERT INTO `table_fields`(Field_ID, Table_ID, Field_Name, Data_Type, Nullable, Length, Attribute, Control_Type, Label, In_Listview, Auto_Increment) VALUES('EoKs0Kg2YKUL1xJVPwKo6w', 'BYf9jiy4n/VsHSmtJap8gQ', 'mother_middle_name', 'varchar', 'NO', '45', '', 'textbox', 'Mother Middle Name', 'yes', 'N');
INSERT INTO `table_fields`(Field_ID, Table_ID, Field_Name, Data_Type, Nullable, Length, Attribute, Control_Type, Label, In_Listview, Auto_Increment) VALUES('kBbxMrpaymC/fj96lEbAIg', 'BYf9jiy4n/VsHSmtJap8gQ', 'mother_last_name', 'varchar', 'NO', '45', '', 'textbox', 'Mother Last Name', 'yes', 'N');
INSERT INTO `table_fields`(Field_ID, Table_ID, Field_Name, Data_Type, Nullable, Length, Attribute, Control_Type, Label, In_Listview, Auto_Increment) VALUES('3JrbqGZJBwQj3pu2nUbWXg', 'BYf9jiy4n/VsHSmtJap8gQ', 'is_citizen', 'varchar', 'NO', '3', 'none', 'radio buttons', 'Is Citizen', 'yes', 'N');
INSERT INTO `table_fields`(Field_ID, Table_ID, Field_Name, Data_Type, Nullable, Length, Attribute, Control_Type, Label, In_Listview, Auto_Increment) VALUES('lZ2MDOhlbgY/13+AZOpbIg', 'BYf9jiy4n/VsHSmtJap8gQ', 'date_registered', 'date', 'NO', '0', '', 'date controls', 'Date Registered', 'yes', 'N');
INSERT INTO `table_fields`(Field_ID, Table_ID, Field_Name, Data_Type, Nullable, Length, Attribute, Control_Type, Label, In_Listview, Auto_Increment) VALUES('13ntnFmAGrb9CozeM3vG/w', 'BYf9jiy4n/VsHSmtJap8gQ', 'is_official', 'varchar', 'NO', '3', 'none', 'radio buttons', 'Is Official', 'yes', 'N');
INSERT INTO `table_fields`(Field_ID, Table_ID, Field_Name, Data_Type, Nullable, Length, Attribute, Control_Type, Label, In_Listview, Auto_Increment) VALUES('kksp9jS2h5jmYH1pKg8BYQ', 'pcl44WGaRerapbAbZaPRDw', 'city_id', 'integer', 'NO', '11', 'primary key', 'none', 'City ID', 'no', 'Y');
INSERT INTO `table_fields`(Field_ID, Table_ID, Field_Name, Data_Type, Nullable, Length, Attribute, Control_Type, Label, In_Listview, Auto_Increment) VALUES('9mpj8yxUzBck1BujO/4WDA', 'pcl44WGaRerapbAbZaPRDw', 'city_name', 'varchar', 'NO', '45', '', 'textbox', 'City Name', 'yes', 'N');
INSERT INTO `table_fields`(Field_ID, Table_ID, Field_Name, Data_Type, Nullable, Length, Attribute, Control_Type, Label, In_Listview, Auto_Increment) VALUES('Rsl/AH1hKCpjKrb+3Omh7g', 'pcl44WGaRerapbAbZaPRDw', 'nscb_code', 'integer', 'NO', '11', '', 'textbox', 'Nscb Code', 'yes', 'N');
INSERT INTO `table_fields`(Field_ID, Table_ID, Field_Name, Data_Type, Nullable, Length, Attribute, Control_Type, Label, In_Listview, Auto_Increment) VALUES('5//5txbJyXTTfLfirfpaHg', 'pcl44WGaRerapbAbZaPRDw', 'province_id', 'integer', 'NO', '11', 'foreign key', 'drop-down list', 'Province', 'yes', 'N');
INSERT INTO `table_fields`(Field_ID, Table_ID, Field_Name, Data_Type, Nullable, Length, Attribute, Control_Type, Label, In_Listview, Auto_Increment) VALUES('SrlZNhkm02iM5nXtWC5nSw', 'UGoYijf1uPZygkK4aKL3BA', 'notification_id', 'integer', 'NO', '11', 'primary key', 'none', 'Notification ID', 'no', 'Y');
INSERT INTO `table_fields`(Field_ID, Table_ID, Field_Name, Data_Type, Nullable, Length, Attribute, Control_Type, Label, In_Listview, Auto_Increment) VALUES('cR9mUSr1wrKonrPVUBnB+w', 'UGoYijf1uPZygkK4aKL3BA', 'request_id', 'integer', 'NO', '11', '', 'textbox', 'Request ID', 'yes', 'N');
INSERT INTO `table_fields`(Field_ID, Table_ID, Field_Name, Data_Type, Nullable, Length, Attribute, Control_Type, Label, In_Listview, Auto_Increment) VALUES('G0Z0U3WeQKPRU8e8wdOzWQ', 'UGoYijf1uPZygkK4aKL3BA', 'citizen_id', 'integer', 'NO', '11', 'foreign key', 'drop-down list', 'Citizen', 'yes', 'N');
INSERT INTO `table_fields`(Field_ID, Table_ID, Field_Name, Data_Type, Nullable, Length, Attribute, Control_Type, Label, In_Listview, Auto_Increment) VALUES('szo216Gf0eHlMwkFJI9MHA', 'UGoYijf1uPZygkK4aKL3BA', 'notification_letter', 'text', 'NO', '0', '', 'textarea', 'Notification Letter', 'yes', 'N');
INSERT INTO `table_fields`(Field_ID, Table_ID, Field_Name, Data_Type, Nullable, Length, Attribute, Control_Type, Label, In_Listview, Auto_Increment) VALUES('cN/RxmE2AnxTwwmg0d6wqQ', 'xkysH6HvJxGLLSd2T3REVA', 'official_id', 'integer', 'NO', '11', 'primary key', 'none', 'Official ID', 'no', 'Y');
INSERT INTO `table_fields`(Field_ID, Table_ID, Field_Name, Data_Type, Nullable, Length, Attribute, Control_Type, Label, In_Listview, Auto_Increment) VALUES('Q9+HlJold/JFXijpZa01KQ', 'xkysH6HvJxGLLSd2T3REVA', 'official_name', 'varchar', 'NO', '45', 'foreign key', 'drop-down list', 'Official Name', 'yes', 'N');
INSERT INTO `table_fields`(Field_ID, Table_ID, Field_Name, Data_Type, Nullable, Length, Attribute, Control_Type, Label, In_Listview, Auto_Increment) VALUES('wUjSjA/CK5aJnrapBe4FYg', 'xkysH6HvJxGLLSd2T3REVA', 'position', 'varchar', 'NO', '45', 'none', 'drop-down list', 'Position', 'yes', 'N');
INSERT INTO `table_fields`(Field_ID, Table_ID, Field_Name, Data_Type, Nullable, Length, Attribute, Control_Type, Label, In_Listview, Auto_Increment) VALUES('smQV5lnWjlj7DFisN0aabg', 'xkysH6HvJxGLLSd2T3REVA', 'term_period_from', 'date', 'NO', '0', '', 'date controls', 'Term Period From', 'yes', 'N');
INSERT INTO `table_fields`(Field_ID, Table_ID, Field_Name, Data_Type, Nullable, Length, Attribute, Control_Type, Label, In_Listview, Auto_Increment) VALUES('1Tl7YAoMQgZbPjq/qKbJOw', 'xkysH6HvJxGLLSd2T3REVA', 'term_period_to', 'date', 'NO', '0', '', 'date controls', 'Term Period To', 'yes', 'N');
INSERT INTO `table_fields`(Field_ID, Table_ID, Field_Name, Data_Type, Nullable, Length, Attribute, Control_Type, Label, In_Listview, Auto_Increment) VALUES('DaCaF/LNAD+NrntWVERRAA', 'x3AlSCd+MSQBJWgb+ieaEA', 'province_id', 'integer', 'NO', '11', 'primary key', 'none', 'Province ID', 'no', 'Y');
INSERT INTO `table_fields`(Field_ID, Table_ID, Field_Name, Data_Type, Nullable, Length, Attribute, Control_Type, Label, In_Listview, Auto_Increment) VALUES('Oendr3sedvqoU4ofpsq9gQ', 'x3AlSCd+MSQBJWgb+ieaEA', 'province_name', 'varchar', 'NO', '45', '', 'textbox', 'Province Name', 'yes', 'N');
INSERT INTO `table_fields`(Field_ID, Table_ID, Field_Name, Data_Type, Nullable, Length, Attribute, Control_Type, Label, In_Listview, Auto_Increment) VALUES('K+SZOWgg4tRYHmShytJ2sw', 'x3AlSCd+MSQBJWgb+ieaEA', 'nscb_code', 'integer', 'NO', '11', '', 'textbox', 'Nscb Code', 'yes', 'N');
INSERT INTO `table_fields`(Field_ID, Table_ID, Field_Name, Data_Type, Nullable, Length, Attribute, Control_Type, Label, In_Listview, Auto_Increment) VALUES('iAKNZw1+MJiWreQbewFQkw', 'x3AlSCd+MSQBJWgb+ieaEA', 'region_id', 'integer', 'NO', '11', 'foreign key', 'drop-down list', 'Region', 'yes', 'N');
INSERT INTO `table_fields`(Field_ID, Table_ID, Field_Name, Data_Type, Nullable, Length, Attribute, Control_Type, Label, In_Listview, Auto_Increment) VALUES('TgmwlovJin+MKDkuHeY75w', 'GB0Q7RZu5fE49cK0i9Q+7Q', 'region_id', 'integer', 'NO', '11', 'primary key', 'none', 'Region ID', 'no', 'Y');
INSERT INTO `table_fields`(Field_ID, Table_ID, Field_Name, Data_Type, Nullable, Length, Attribute, Control_Type, Label, In_Listview, Auto_Increment) VALUES('y4OqjZ65Vr+QzMmhCb7Vlg', 'GB0Q7RZu5fE49cK0i9Q+7Q', 'region_name', 'varchar', 'NO', '45', '', 'textbox', 'Region Name', 'yes', 'N');
INSERT INTO `table_fields`(Field_ID, Table_ID, Field_Name, Data_Type, Nullable, Length, Attribute, Control_Type, Label, In_Listview, Auto_Increment) VALUES('ePOVthS+xbW9V392hSo71A', 'GB0Q7RZu5fE49cK0i9Q+7Q', 'nscb_code', 'integer', 'NO', '11', '', 'textbox', 'Nscb Code', 'yes', 'N');
INSERT INTO `table_fields`(Field_ID, Table_ID, Field_Name, Data_Type, Nullable, Length, Attribute, Control_Type, Label, In_Listview, Auto_Increment) VALUES('pj9x53y0fty/QoDGrIPcHg', 'nmtwEtRPmkvjrEu8/qsjaw', 'requirement_id', 'integer', 'NO', '11', 'primary key', 'none', 'Requirement ID', 'no', 'Y');
INSERT INTO `table_fields`(Field_ID, Table_ID, Field_Name, Data_Type, Nullable, Length, Attribute, Control_Type, Label, In_Listview, Auto_Increment) VALUES('m/IsstLbGToF3K2RtXtxMQ', 'nmtwEtRPmkvjrEu8/qsjaw', 'service_id', 'integer', 'NO', '11', 'foreign key', 'drop-down list', 'Service', 'yes', 'N');
INSERT INTO `table_fields`(Field_ID, Table_ID, Field_Name, Data_Type, Nullable, Length, Attribute, Control_Type, Label, In_Listview, Auto_Increment) VALUES('aBALCWFAIbvMi469YsLDSA', 'nmtwEtRPmkvjrEu8/qsjaw', 'service_requirement', 'varchar', 'NO', '45', '', 'textbox', 'Service Requirement', 'yes', 'N');
INSERT INTO `table_fields`(Field_ID, Table_ID, Field_Name, Data_Type, Nullable, Length, Attribute, Control_Type, Label, In_Listview, Auto_Increment) VALUES('RdeA40JoKmPRVvS/jw7hkg', 'RetMn8vVODRi4ThYc8FCVA', 'service_id', 'integer', 'NO', '11', 'primary key', 'none', 'Service ID', 'no', 'Y');
INSERT INTO `table_fields`(Field_ID, Table_ID, Field_Name, Data_Type, Nullable, Length, Attribute, Control_Type, Label, In_Listview, Auto_Increment) VALUES('2+l5w/BXAQuZmTxLEDu+gg', 'RetMn8vVODRi4ThYc8FCVA', 'service_name', 'varchar', 'NO', '45', '', 'textbox', 'Service Name', 'yes', 'N');
INSERT INTO `table_fields`(Field_ID, Table_ID, Field_Name, Data_Type, Nullable, Length, Attribute, Control_Type, Label, In_Listview, Auto_Increment) VALUES('3iTyB2CqErGMrSlcLcZIZQ', 'RetMn8vVODRi4ThYc8FCVA', 'service_description', 'text', 'NO', '0', '', 'textarea', 'Service Description', 'yes', 'N');
INSERT INTO `table_fields`(Field_ID, Table_ID, Field_Name, Data_Type, Nullable, Length, Attribute, Control_Type, Label, In_Listview, Auto_Increment) VALUES('KQySMrsA/ZFEzXTF+vwYnw', 'RetMn8vVODRi4ThYc8FCVA', 'date_offered', 'date', 'NO', '0', '', 'date controls', 'Date Offered', 'yes', 'N');
INSERT INTO `table_fields`(Field_ID, Table_ID, Field_Name, Data_Type, Nullable, Length, Attribute, Control_Type, Label, In_Listview, Auto_Increment) VALUES('MsWwNA6MWwt3jsEAtvfbcw', 'RetMn8vVODRi4ThYc8FCVA', 'is_offered', 'varchar', 'NO', '3', 'none', 'radio buttons', 'Is Offered', 'yes', 'N');
INSERT INTO `table_fields`(Field_ID, Table_ID, Field_Name, Data_Type, Nullable, Length, Attribute, Control_Type, Label, In_Listview, Auto_Increment) VALUES('Jlqi6NVsrCe5h9Yld/xz8w', 'kch1paJBspKqHl6fM21LIA', 'barangay_id', 'integer', 'NO', '11', 'primary key', 'none', 'Barangay ID', 'no', 'Y');
INSERT INTO `table_fields`(Field_ID, Table_ID, Field_Name, Data_Type, Nullable, Length, Attribute, Control_Type, Label, In_Listview, Auto_Increment) VALUES('VpCinIZRLbJ5AQBNvWy8tg', 'kch1paJBspKqHl6fM21LIA', 'barangay_name', 'varchar', 'NO', '45', '', 'textbox', 'Barangay Name', 'yes', 'N');
INSERT INTO `table_fields`(Field_ID, Table_ID, Field_Name, Data_Type, Nullable, Length, Attribute, Control_Type, Label, In_Listview, Auto_Increment) VALUES('dHyRyrQyCu9LnpNpxtxXMA', 'kch1paJBspKqHl6fM21LIA', 'nscb_code', 'integer', 'NO', '11', '', 'textbox', 'Nscb Code', 'yes', 'N');
INSERT INTO `table_fields`(Field_ID, Table_ID, Field_Name, Data_Type, Nullable, Length, Attribute, Control_Type, Label, In_Listview, Auto_Increment) VALUES('WYWPYEFN8tErOSiWAxrP7Q', 'kch1paJBspKqHl6fM21LIA', 'district_number', 'varchar', 'NO', '45', '', 'textbox', 'District Number', 'yes', 'N');
INSERT INTO `table_fields`(Field_ID, Table_ID, Field_Name, Data_Type, Nullable, Length, Attribute, Control_Type, Label, In_Listview, Auto_Increment) VALUES('zUI65Og69DOpMZt4h7iQzg', 'kch1paJBspKqHl6fM21LIA', 'city_id', 'integer', 'NO', '11', 'foreign key', 'drop-down list', 'City', 'yes', 'N');
INSERT INTO `table_fields`(Field_ID, Table_ID, Field_Name, Data_Type, Nullable, Length, Attribute, Control_Type, Label, In_Listview, Auto_Increment) VALUES('yfVu7j/qaBIYchJgetHcaA', 'nmbVh8cTNAERRSM0wIEn9Q', 'request_has_requirement_id', 'integer', 'NO', '11', 'primary key', 'none', 'Request Has Requirement ID', 'no', 'Y');
INSERT INTO `table_fields`(Field_ID, Table_ID, Field_Name, Data_Type, Nullable, Length, Attribute, Control_Type, Label, In_Listview, Auto_Increment) VALUES('qMJ3jKo8Fo80ondIn5yK9g', 'nmbVh8cTNAERRSM0wIEn9Q', 'date_submitted', 'date', 'NO', '0', '', 'date controls', 'Date Submitted', 'yes', 'N');
INSERT INTO `table_fields`(Field_ID, Table_ID, Field_Name, Data_Type, Nullable, Length, Attribute, Control_Type, Label, In_Listview, Auto_Increment) VALUES('ULRdbMK3EdSiHtY9zMk4Uw', 'nmbVh8cTNAERRSM0wIEn9Q', 'requirement_document', 'varchar', 'NO', '255', 'none', 'upload', 'Requirement Document', 'yes', 'N');
INSERT INTO `table_fields`(Field_ID, Table_ID, Field_Name, Data_Type, Nullable, Length, Attribute, Control_Type, Label, In_Listview, Auto_Increment) VALUES('/uqCG7F+eXHD039Y2V7DgQ', 'nmbVh8cTNAERRSM0wIEn9Q', 'request_id', 'integer', 'NO', '11', 'foreign key', 'drop-down list', 'Request', 'yes', 'N');
INSERT INTO `table_fields`(Field_ID, Table_ID, Field_Name, Data_Type, Nullable, Length, Attribute, Control_Type, Label, In_Listview, Auto_Increment) VALUES('GrGlxb0d8rYDiLrB/tCqCA', 'fWWWOpaZCVXE+q5P4kM0Hg', 'validate_id', 'integer', 'NO', '11', 'primary key', 'none', 'Validate ID', 'no', 'Y');
INSERT INTO `table_fields`(Field_ID, Table_ID, Field_Name, Data_Type, Nullable, Length, Attribute, Control_Type, Label, In_Listview, Auto_Increment) VALUES('Ja9NvH8U35gFWyWZYY3uFg', 'fWWWOpaZCVXE+q5P4kM0Hg', 'proof_of_id', 'varchar', 'NO', '255', 'none', 'upload', 'Proof Of ID', 'yes', 'N');
INSERT INTO `table_fields`(Field_ID, Table_ID, Field_Name, Data_Type, Nullable, Length, Attribute, Control_Type, Label, In_Listview, Auto_Increment) VALUES('yffhEniB6LJzdPBDtecrWQ', 'fWWWOpaZCVXE+q5P4kM0Hg', 'proof_of_address', 'varchar', 'NO', '255', 'none', 'upload', 'Proof Of Address', 'yes', 'N');
INSERT INTO `table_fields`(Field_ID, Table_ID, Field_Name, Data_Type, Nullable, Length, Attribute, Control_Type, Label, In_Listview, Auto_Increment) VALUES('uG2OgNC0dTQelamNTpyjoQ', 'fWWWOpaZCVXE+q5P4kM0Hg', 'citizen_id', 'integer', 'NO', '11', 'foreign key', 'drop-down list', 'Citizen', 'yes', 'N');
INSERT INTO `table_fields`(Field_ID, Table_ID, Field_Name, Data_Type, Nullable, Length, Attribute, Control_Type, Label, In_Listview, Auto_Increment) VALUES('CT/VApQ35fIiPb4y9epJ2g', 'fWWWOpaZCVXE+q5P4kM0Hg', 'status', 'varchar', 'NO', '45', 'none', 'drop-down list', 'Status', 'yes', 'N');
INSERT INTO `table_fields`(Field_ID, Table_ID, Field_Name, Data_Type, Nullable, Length, Attribute, Control_Type, Label, In_Listview, Auto_Increment) VALUES('lHtPbk/+hibdx5bKdqffvQ', '8vOhn2ORuhNxJpFj7a8QwQ', 'request_id', 'integer', 'NO', '11', 'primary key', 'none', 'Request ID', 'no', 'Y');
INSERT INTO `table_fields`(Field_ID, Table_ID, Field_Name, Data_Type, Nullable, Length, Attribute, Control_Type, Label, In_Listview, Auto_Increment) VALUES('CuHbgKcUmiLtu4hZ1zyOKg', '8vOhn2ORuhNxJpFj7a8QwQ', 'service_id', 'integer', 'NO', '11', 'foreign key', 'drop-down list', 'Service', 'yes', 'N');
INSERT INTO `table_fields`(Field_ID, Table_ID, Field_Name, Data_Type, Nullable, Length, Attribute, Control_Type, Label, In_Listview, Auto_Increment) VALUES('7230OIL1TXCgaX1dKca3kg', '8vOhn2ORuhNxJpFj7a8QwQ', 'citizen_id', 'integer', 'NO', '11', 'foreign key', 'drop-down list', 'Citizen', 'yes', 'N');
INSERT INTO `table_fields`(Field_ID, Table_ID, Field_Name, Data_Type, Nullable, Length, Attribute, Control_Type, Label, In_Listview, Auto_Increment) VALUES('bMenjmIdY+1IIIEyFHp9RQ', '8vOhn2ORuhNxJpFj7a8QwQ', 'date_filed', 'date', 'NO', '0', '', 'date controls', 'Date Filed', 'yes', 'N');
INSERT INTO `table_fields`(Field_ID, Table_ID, Field_Name, Data_Type, Nullable, Length, Attribute, Control_Type, Label, In_Listview, Auto_Increment) VALUES('k3sLKx/KB1n2IxDEeJQ7LA', '8vOhn2ORuhNxJpFj7a8QwQ', 'date_served', 'date', 'NO', '0', '', 'date controls', 'Date Served', 'yes', 'N');
INSERT INTO `table_fields`(Field_ID, Table_ID, Field_Name, Data_Type, Nullable, Length, Attribute, Control_Type, Label, In_Listview, Auto_Increment) VALUES('yd3v9xjcAGV1jyNpJLUXqg', 'nmbVh8cTNAERRSM0wIEn9Q', 'status', 'varchar', 'NO', '45', 'none', 'drop-down list', 'status', 'yes', '');
INSERT INTO `table_fields`(Field_ID, Table_ID, Field_Name, Data_Type, Nullable, Length, Attribute, Control_Type, Label, In_Listview, Auto_Increment) VALUES('GVCcLN6JPPASnFRnRowPBQ', 'sizcBfeFeCAAPWLgk0pwag', 'zone_id', 'integer', 'NO', '11', 'primary key', 'none', 'Zone ID', 'no', 'Y');
INSERT INTO `table_fields`(Field_ID, Table_ID, Field_Name, Data_Type, Nullable, Length, Attribute, Control_Type, Label, In_Listview, Auto_Increment) VALUES('NbIzIv6fuoN6ggae4Wqp4A', 'sizcBfeFeCAAPWLgk0pwag', 'zone_name', 'varchar', 'NO', '45', '', 'textbox', 'Zone Name', 'yes', 'N');
INSERT INTO `table_fields`(Field_ID, Table_ID, Field_Name, Data_Type, Nullable, Length, Attribute, Control_Type, Label, In_Listview, Auto_Increment) VALUES('kRLgIToWPLsp4+pfackdYQ', 'sizcBfeFeCAAPWLgk0pwag', 'zone_leader_name', 'varchar', 'NO', '45', '', 'textbox', 'Zone Leader Name', 'yes', 'N');
INSERT INTO `table_fields`(Field_ID, Table_ID, Field_Name, Data_Type, Nullable, Length, Attribute, Control_Type, Label, In_Listview, Auto_Increment) VALUES('whhJ2IzCZDHy6idMgRuI5w', 'sizcBfeFeCAAPWLgk0pwag', 'barangay_id', 'integer', 'NO', '11', 'foreign key', 'drop-down list', 'Barangay', 'yes', 'N');


INSERT INTO `table_fields_list`(Field_ID, List_ID) VALUES('13ntnFmAGrb9CozeM3vG/w', 'BtHsaDrhY32mojB4JSJpGg');
INSERT INTO `table_fields_list`(Field_ID, List_ID) VALUES('1VFxpTj1eVriDZwsjNpqzQ', 'OXApXCXrQ0o29Tim2Ab/AA');
INSERT INTO `table_fields_list`(Field_ID, List_ID) VALUES('3JrbqGZJBwQj3pu2nUbWXg', 'BtHsaDrhY32mojB4JSJpGg');
INSERT INTO `table_fields_list`(Field_ID, List_ID) VALUES('CT/VApQ35fIiPb4y9epJ2g', 'cTXvZ82is1Q3KJrEgQLZ8g');
INSERT INTO `table_fields_list`(Field_ID, List_ID) VALUES('EYe/KuLeYmDvjcCC6C821Q', 'xU2EOzkpO45LTbiuI+pMtg');
INSERT INTO `table_fields_list`(Field_ID, List_ID) VALUES('i+rCyOlTgqdBuiUgDlgAkQ', 'BtHsaDrhY32mojB4JSJpGg');
INSERT INTO `table_fields_list`(Field_ID, List_ID) VALUES('MsWwNA6MWwt3jsEAtvfbcw', 'BtHsaDrhY32mojB4JSJpGg');
INSERT INTO `table_fields_list`(Field_ID, List_ID) VALUES('Vmn8cLkblrNWShARYqs27Q', 'XC1i0GotE5lwgiQJB/gGuQ');
INSERT INTO `table_fields_list`(Field_ID, List_ID) VALUES('wUjSjA/CK5aJnrapBe4FYg', 'kN5/C+bWX4OKBFbQg76/sg');
INSERT INTO `table_fields_list`(Field_ID, List_ID) VALUES('yd3v9xjcAGV1jyNpJLUXqg', 'cTXvZ82is1Q3KJrEgQLZ8g');


INSERT INTO `table_fields_list_source_select`(Field_ID, Auto_ID, Select_Field_ID, Display) VALUES('UK6aBxDF1ZUCunHHWF8Ypw', '2', 'y4OqjZ65Vr+QzMmhCb7Vlg', 'Yes');
INSERT INTO `table_fields_list_source_select`(Field_ID, Auto_ID, Select_Field_ID, Display) VALUES('iAKNZw1+MJiWreQbewFQkw', '1', 'TgmwlovJin+MKDkuHeY75w', 'No');
INSERT INTO `table_fields_list_source_select`(Field_ID, Auto_ID, Select_Field_ID, Display) VALUES('iAKNZw1+MJiWreQbewFQkw', '2', 'y4OqjZ65Vr+QzMmhCb7Vlg', 'Yes');
INSERT INTO `table_fields_list_source_select`(Field_ID, Auto_ID, Select_Field_ID, Display) VALUES('/uqCG7F+eXHD039Y2V7DgQ', '2', 'lHtPbk/+hibdx5bKdqffvQ', 'Yes');
INSERT INTO `table_fields_list_source_select`(Field_ID, Auto_ID, Select_Field_ID, Display) VALUES('/uqCG7F+eXHD039Y2V7DgQ', '1', 'lHtPbk/+hibdx5bKdqffvQ', 'No');
INSERT INTO `table_fields_list_source_select`(Field_ID, Auto_ID, Select_Field_ID, Display) VALUES('m/IsstLbGToF3K2RtXtxMQ', '1', 'RdeA40JoKmPRVvS/jw7hkg', 'No');
INSERT INTO `table_fields_list_source_select`(Field_ID, Auto_ID, Select_Field_ID, Display) VALUES('m/IsstLbGToF3K2RtXtxMQ', '2', '2+l5w/BXAQuZmTxLEDu+gg', 'Yes');
INSERT INTO `table_fields_list_source_select`(Field_ID, Auto_ID, Select_Field_ID, Display) VALUES('7230OIL1TXCgaX1dKca3kg', '4', 'fn2gUYY3djgiEuCfDYk+eQ', 'Yes');
INSERT INTO `table_fields_list_source_select`(Field_ID, Auto_ID, Select_Field_ID, Display) VALUES('7230OIL1TXCgaX1dKca3kg', '3', 'tvE5xS1PO5RXS6lctYccdA', 'Yes');
INSERT INTO `table_fields_list_source_select`(Field_ID, Auto_ID, Select_Field_ID, Display) VALUES('7230OIL1TXCgaX1dKca3kg', '2', 'pbEU5yfIMuRmkTDNjDEvlg', 'Yes');
INSERT INTO `table_fields_list_source_select`(Field_ID, Auto_ID, Select_Field_ID, Display) VALUES('7230OIL1TXCgaX1dKca3kg', '1', 'cHo/nvf3Q/khtTuE9ZTcmw', 'No');
INSERT INTO `table_fields_list_source_select`(Field_ID, Auto_ID, Select_Field_ID, Display) VALUES('CuHbgKcUmiLtu4hZ1zyOKg', '1', 'RdeA40JoKmPRVvS/jw7hkg', 'No');
INSERT INTO `table_fields_list_source_select`(Field_ID, Auto_ID, Select_Field_ID, Display) VALUES('uG2OgNC0dTQelamNTpyjoQ', '1', 'cHo/nvf3Q/khtTuE9ZTcmw', 'No');
INSERT INTO `table_fields_list_source_select`(Field_ID, Auto_ID, Select_Field_ID, Display) VALUES('uG2OgNC0dTQelamNTpyjoQ', '2', 'pbEU5yfIMuRmkTDNjDEvlg', 'Yes');
INSERT INTO `table_fields_list_source_select`(Field_ID, Auto_ID, Select_Field_ID, Display) VALUES('uG2OgNC0dTQelamNTpyjoQ', '3', 'tvE5xS1PO5RXS6lctYccdA', 'Yes');
INSERT INTO `table_fields_list_source_select`(Field_ID, Auto_ID, Select_Field_ID, Display) VALUES('uG2OgNC0dTQelamNTpyjoQ', '4', 'fn2gUYY3djgiEuCfDYk+eQ', 'Yes');
INSERT INTO `table_fields_list_source_select`(Field_ID, Auto_ID, Select_Field_ID, Display) VALUES('CuHbgKcUmiLtu4hZ1zyOKg', '2', '2+l5w/BXAQuZmTxLEDu+gg', 'Yes');
INSERT INTO `table_fields_list_source_select`(Field_ID, Auto_ID, Select_Field_ID, Display) VALUES('UK6aBxDF1ZUCunHHWF8Ypw', '1', 'TgmwlovJin+MKDkuHeY75w', 'No');
INSERT INTO `table_fields_list_source_select`(Field_ID, Auto_ID, Select_Field_ID, Display) VALUES('Q9+HlJold/JFXijpZa01KQ', '1', 'cHo/nvf3Q/khtTuE9ZTcmw', 'No');
INSERT INTO `table_fields_list_source_select`(Field_ID, Auto_ID, Select_Field_ID, Display) VALUES('Q9+HlJold/JFXijpZa01KQ', '2', 'pbEU5yfIMuRmkTDNjDEvlg', 'Yes');
INSERT INTO `table_fields_list_source_select`(Field_ID, Auto_ID, Select_Field_ID, Display) VALUES('Q9+HlJold/JFXijpZa01KQ', '3', 'tvE5xS1PO5RXS6lctYccdA', 'Yes');
INSERT INTO `table_fields_list_source_select`(Field_ID, Auto_ID, Select_Field_ID, Display) VALUES('Q9+HlJold/JFXijpZa01KQ', '4', 'fn2gUYY3djgiEuCfDYk+eQ', 'Yes');
INSERT INTO `table_fields_list_source_select`(Field_ID, Auto_ID, Select_Field_ID, Display) VALUES('zUI65Og69DOpMZt4h7iQzg', '2', '9mpj8yxUzBck1BujO/4WDA', 'Yes');
INSERT INTO `table_fields_list_source_select`(Field_ID, Auto_ID, Select_Field_ID, Display) VALUES('zUI65Og69DOpMZt4h7iQzg', '1', 'kksp9jS2h5jmYH1pKg8BYQ', 'No');
INSERT INTO `table_fields_list_source_select`(Field_ID, Auto_ID, Select_Field_ID, Display) VALUES('G0Z0U3WeQKPRU8e8wdOzWQ', '1', 'cHo/nvf3Q/khtTuE9ZTcmw', 'No');
INSERT INTO `table_fields_list_source_select`(Field_ID, Auto_ID, Select_Field_ID, Display) VALUES('G0Z0U3WeQKPRU8e8wdOzWQ', '2', 'pbEU5yfIMuRmkTDNjDEvlg', 'Yes');
INSERT INTO `table_fields_list_source_select`(Field_ID, Auto_ID, Select_Field_ID, Display) VALUES('G0Z0U3WeQKPRU8e8wdOzWQ', '3', 'tvE5xS1PO5RXS6lctYccdA', 'Yes');
INSERT INTO `table_fields_list_source_select`(Field_ID, Auto_ID, Select_Field_ID, Display) VALUES('G0Z0U3WeQKPRU8e8wdOzWQ', '4', 'fn2gUYY3djgiEuCfDYk+eQ', 'Yes');
INSERT INTO `table_fields_list_source_select`(Field_ID, Auto_ID, Select_Field_ID, Display) VALUES('H84dM/cy+Ep+Z6COB5Mw9w', '2', 'VpCinIZRLbJ5AQBNvWy8tg', 'Yes');
INSERT INTO `table_fields_list_source_select`(Field_ID, Auto_ID, Select_Field_ID, Display) VALUES('H84dM/cy+Ep+Z6COB5Mw9w', '1', 'Jlqi6NVsrCe5h9Yld/xz8w', 'No');
INSERT INTO `table_fields_list_source_select`(Field_ID, Auto_ID, Select_Field_ID, Display) VALUES('V/Ci7v2oPGROR0+GJjv2bQ', '1', 'kksp9jS2h5jmYH1pKg8BYQ', 'No');
INSERT INTO `table_fields_list_source_select`(Field_ID, Auto_ID, Select_Field_ID, Display) VALUES('V/Ci7v2oPGROR0+GJjv2bQ', '2', '9mpj8yxUzBck1BujO/4WDA', 'Yes');
INSERT INTO `table_fields_list_source_select`(Field_ID, Auto_ID, Select_Field_ID, Display) VALUES('5//5txbJyXTTfLfirfpaHg', '1', 'DaCaF/LNAD+NrntWVERRAA', 'No');
INSERT INTO `table_fields_list_source_select`(Field_ID, Auto_ID, Select_Field_ID, Display) VALUES('5//5txbJyXTTfLfirfpaHg', '2', 'Oendr3sedvqoU4ofpsq9gQ', 'Yes');
INSERT INTO `table_fields_list_source_select`(Field_ID, Auto_ID, Select_Field_ID, Display) VALUES('Ip2EeaXbcIbQuzsZ8BAXcQ', '1', 'DaCaF/LNAD+NrntWVERRAA', 'No');
INSERT INTO `table_fields_list_source_select`(Field_ID, Auto_ID, Select_Field_ID, Display) VALUES('Ip2EeaXbcIbQuzsZ8BAXcQ', '2', 'Oendr3sedvqoU4ofpsq9gQ', 'Yes');
INSERT INTO `table_fields_list_source_select`(Field_ID, Auto_ID, Select_Field_ID, Display) VALUES('whhJ2IzCZDHy6idMgRuI5w', '1', 'Jlqi6NVsrCe5h9Yld/xz8w', 'No');
INSERT INTO `table_fields_list_source_select`(Field_ID, Auto_ID, Select_Field_ID, Display) VALUES('whhJ2IzCZDHy6idMgRuI5w', '2', 'VpCinIZRLbJ5AQBNvWy8tg', 'Yes');


INSERT INTO `table_fields_list_source_where`(Field_ID, Where_Field_ID, Where_Field_Operand, Where_Field_Value, Where_Field_Connector) VALUES('iAKNZw1+MJiWreQbewFQkw', '0', '', '', '');
INSERT INTO `table_fields_list_source_where`(Field_ID, Where_Field_ID, Where_Field_Operand, Where_Field_Value, Where_Field_Connector) VALUES('/uqCG7F+eXHD039Y2V7DgQ', '0', '', '', '');
INSERT INTO `table_fields_list_source_where`(Field_ID, Where_Field_ID, Where_Field_Operand, Where_Field_Value, Where_Field_Connector) VALUES('m/IsstLbGToF3K2RtXtxMQ', '0', '', '', '');
INSERT INTO `table_fields_list_source_where`(Field_ID, Where_Field_ID, Where_Field_Operand, Where_Field_Value, Where_Field_Connector) VALUES('uG2OgNC0dTQelamNTpyjoQ', '0', '', '', '');
INSERT INTO `table_fields_list_source_where`(Field_ID, Where_Field_ID, Where_Field_Operand, Where_Field_Value, Where_Field_Connector) VALUES('CuHbgKcUmiLtu4hZ1zyOKg', '0', '', '', '');
INSERT INTO `table_fields_list_source_where`(Field_ID, Where_Field_ID, Where_Field_Operand, Where_Field_Value, Where_Field_Connector) VALUES('7230OIL1TXCgaX1dKca3kg', '0', '', '', '');
INSERT INTO `table_fields_list_source_where`(Field_ID, Where_Field_ID, Where_Field_Operand, Where_Field_Value, Where_Field_Connector) VALUES('Q9+HlJold/JFXijpZa01KQ', '0', '', '', '');
INSERT INTO `table_fields_list_source_where`(Field_ID, Where_Field_ID, Where_Field_Operand, Where_Field_Value, Where_Field_Connector) VALUES('zUI65Og69DOpMZt4h7iQzg', '0', '', '', '');
INSERT INTO `table_fields_list_source_where`(Field_ID, Where_Field_ID, Where_Field_Operand, Where_Field_Value, Where_Field_Connector) VALUES('G0Z0U3WeQKPRU8e8wdOzWQ', '0', '', '', '');
INSERT INTO `table_fields_list_source_where`(Field_ID, Where_Field_ID, Where_Field_Operand, Where_Field_Value, Where_Field_Connector) VALUES('H84dM/cy+Ep+Z6COB5Mw9w', '0', '', '', '');
INSERT INTO `table_fields_list_source_where`(Field_ID, Where_Field_ID, Where_Field_Operand, Where_Field_Value, Where_Field_Connector) VALUES('V/Ci7v2oPGROR0+GJjv2bQ', '0', '', '', '');
INSERT INTO `table_fields_list_source_where`(Field_ID, Where_Field_ID, Where_Field_Operand, Where_Field_Value, Where_Field_Connector) VALUES('5//5txbJyXTTfLfirfpaHg', '0', '', '', '');
INSERT INTO `table_fields_list_source_where`(Field_ID, Where_Field_ID, Where_Field_Operand, Where_Field_Value, Where_Field_Connector) VALUES('Ip2EeaXbcIbQuzsZ8BAXcQ', '0', '', '', '');
INSERT INTO `table_fields_list_source_where`(Field_ID, Where_Field_ID, Where_Field_Operand, Where_Field_Value, Where_Field_Connector) VALUES('UK6aBxDF1ZUCunHHWF8Ypw', '0', '', '', '');
INSERT INTO `table_fields_list_source_where`(Field_ID, Where_Field_ID, Where_Field_Operand, Where_Field_Value, Where_Field_Connector) VALUES('whhJ2IzCZDHy6idMgRuI5w', '0', '', '', '');


INSERT INTO `table_pages`(Table_ID, Page_ID, Path_Filename) VALUES('kch1paJBspKqHl6fM21LIA', '+nSXSR+3BnhhMmaBfNYLbZW1Klls8lauC+9jhXjFZPg=', 'barangay/add_barangay.php');
INSERT INTO `table_pages`(Table_ID, Page_ID, Path_Filename) VALUES('kch1paJBspKqHl6fM21LIA', '/0CxWVJHlM+Z9jATzhv6vAHQnuZZWS4URCnxcUxceXc=', 'barangay/reporter_result_barangay.php');
INSERT INTO `table_pages`(Table_ID, Page_ID, Path_Filename) VALUES('kch1paJBspKqHl6fM21LIA', 'alOVwAQ+rL1qGsKXzH3ntUOTsz3+58x/CjrGwNCoLZU=', 'barangay/edit_barangay.php');
INSERT INTO `table_pages`(Table_ID, Page_ID, Path_Filename) VALUES('kch1paJBspKqHl6fM21LIA', 'AoJ17xCURhNmjVr+1xWj5Ipr8Jqf461C5RKOc6oCY5s=', 'barangay/detailview_barangay.php');
INSERT INTO `table_pages`(Table_ID, Page_ID, Path_Filename) VALUES('kch1paJBspKqHl6fM21LIA', 'DMOnHB6R/wc6cXt89xU9OUTRxKMYr7mnlvpUZidmV7g=', 'barangay/csv_barangay.php');
INSERT INTO `table_pages`(Table_ID, Page_ID, Path_Filename) VALUES('kch1paJBspKqHl6fM21LIA', 'EAOGEEl9nxgSOWL/Rb5QoOYKSwEPz/eM8wakTQEEk3o=', 'barangay/reporter_pdfresult_barangay.php');
INSERT INTO `table_pages`(Table_ID, Page_ID, Path_Filename) VALUES('kch1paJBspKqHl6fM21LIA', 'Mv+1k7TH5VAPb74N+qvQCfXbqWhlyILNtEvdMQHKIxA=', 'barangay/listview_barangay.php');
INSERT INTO `table_pages`(Table_ID, Page_ID, Path_Filename) VALUES('kch1paJBspKqHl6fM21LIA', 'qWMTJddAsNYOu7YBrSc/AV79roA/630phvlC4N6Z7KI=', 'barangay/delete_barangay.php');
INSERT INTO `table_pages`(Table_ID, Page_ID, Path_Filename) VALUES('kch1paJBspKqHl6fM21LIA', 'X0JsxS82n8sIFiKwpQCR9c99doOFEsHIxs4pDGZxg+8=', 'barangay/reporter_barangay.php');
INSERT INTO `table_pages`(Table_ID, Page_ID, Path_Filename) VALUES('M7NKzXX4dDhEoTBVWxfT1w', '+nSXSR+3BnhhMmaBfNYLbZW1Klls8lauC+9jhXjFZPg=', 'bulletin/add_bulletin.php');
INSERT INTO `table_pages`(Table_ID, Page_ID, Path_Filename) VALUES('M7NKzXX4dDhEoTBVWxfT1w', '/0CxWVJHlM+Z9jATzhv6vAHQnuZZWS4URCnxcUxceXc=', 'bulletin/reporter_result_bulletin.php');
INSERT INTO `table_pages`(Table_ID, Page_ID, Path_Filename) VALUES('M7NKzXX4dDhEoTBVWxfT1w', 'alOVwAQ+rL1qGsKXzH3ntUOTsz3+58x/CjrGwNCoLZU=', 'bulletin/edit_bulletin.php');
INSERT INTO `table_pages`(Table_ID, Page_ID, Path_Filename) VALUES('M7NKzXX4dDhEoTBVWxfT1w', 'AoJ17xCURhNmjVr+1xWj5Ipr8Jqf461C5RKOc6oCY5s=', 'bulletin/detailview_bulletin.php');
INSERT INTO `table_pages`(Table_ID, Page_ID, Path_Filename) VALUES('M7NKzXX4dDhEoTBVWxfT1w', 'DMOnHB6R/wc6cXt89xU9OUTRxKMYr7mnlvpUZidmV7g=', 'bulletin/csv_bulletin.php');
INSERT INTO `table_pages`(Table_ID, Page_ID, Path_Filename) VALUES('M7NKzXX4dDhEoTBVWxfT1w', 'EAOGEEl9nxgSOWL/Rb5QoOYKSwEPz/eM8wakTQEEk3o=', 'bulletin/reporter_pdfresult_bulletin.php');
INSERT INTO `table_pages`(Table_ID, Page_ID, Path_Filename) VALUES('M7NKzXX4dDhEoTBVWxfT1w', 'Mv+1k7TH5VAPb74N+qvQCfXbqWhlyILNtEvdMQHKIxA=', 'bulletin/listview_bulletin.php');
INSERT INTO `table_pages`(Table_ID, Page_ID, Path_Filename) VALUES('M7NKzXX4dDhEoTBVWxfT1w', 'qWMTJddAsNYOu7YBrSc/AV79roA/630phvlC4N6Z7KI=', 'bulletin/delete_bulletin.php');
INSERT INTO `table_pages`(Table_ID, Page_ID, Path_Filename) VALUES('M7NKzXX4dDhEoTBVWxfT1w', 'X0JsxS82n8sIFiKwpQCR9c99doOFEsHIxs4pDGZxg+8=', 'bulletin/reporter_bulletin.php');
INSERT INTO `table_pages`(Table_ID, Page_ID, Path_Filename) VALUES('BYf9jiy4n/VsHSmtJap8gQ', '+nSXSR+3BnhhMmaBfNYLbZW1Klls8lauC+9jhXjFZPg=', 'citizen/add_citizen.php');
INSERT INTO `table_pages`(Table_ID, Page_ID, Path_Filename) VALUES('BYf9jiy4n/VsHSmtJap8gQ', '/0CxWVJHlM+Z9jATzhv6vAHQnuZZWS4URCnxcUxceXc=', 'citizen/reporter_result_citizen.php');
INSERT INTO `table_pages`(Table_ID, Page_ID, Path_Filename) VALUES('BYf9jiy4n/VsHSmtJap8gQ', 'alOVwAQ+rL1qGsKXzH3ntUOTsz3+58x/CjrGwNCoLZU=', 'citizen/edit_citizen.php');
INSERT INTO `table_pages`(Table_ID, Page_ID, Path_Filename) VALUES('BYf9jiy4n/VsHSmtJap8gQ', 'AoJ17xCURhNmjVr+1xWj5Ipr8Jqf461C5RKOc6oCY5s=', 'citizen/detailview_citizen.php');
INSERT INTO `table_pages`(Table_ID, Page_ID, Path_Filename) VALUES('BYf9jiy4n/VsHSmtJap8gQ', 'DMOnHB6R/wc6cXt89xU9OUTRxKMYr7mnlvpUZidmV7g=', 'citizen/csv_citizen.php');
INSERT INTO `table_pages`(Table_ID, Page_ID, Path_Filename) VALUES('BYf9jiy4n/VsHSmtJap8gQ', 'EAOGEEl9nxgSOWL/Rb5QoOYKSwEPz/eM8wakTQEEk3o=', 'citizen/reporter_pdfresult_citizen.php');
INSERT INTO `table_pages`(Table_ID, Page_ID, Path_Filename) VALUES('BYf9jiy4n/VsHSmtJap8gQ', 'Mv+1k7TH5VAPb74N+qvQCfXbqWhlyILNtEvdMQHKIxA=', 'citizen/listview_citizen.php');
INSERT INTO `table_pages`(Table_ID, Page_ID, Path_Filename) VALUES('BYf9jiy4n/VsHSmtJap8gQ', 'qWMTJddAsNYOu7YBrSc/AV79roA/630phvlC4N6Z7KI=', 'citizen/delete_citizen.php');
INSERT INTO `table_pages`(Table_ID, Page_ID, Path_Filename) VALUES('BYf9jiy4n/VsHSmtJap8gQ', 'X0JsxS82n8sIFiKwpQCR9c99doOFEsHIxs4pDGZxg+8=', 'citizen/reporter_citizen.php');
INSERT INTO `table_pages`(Table_ID, Page_ID, Path_Filename) VALUES('pcl44WGaRerapbAbZaPRDw', '+nSXSR+3BnhhMmaBfNYLbZW1Klls8lauC+9jhXjFZPg=', 'city/add_city.php');
INSERT INTO `table_pages`(Table_ID, Page_ID, Path_Filename) VALUES('pcl44WGaRerapbAbZaPRDw', '/0CxWVJHlM+Z9jATzhv6vAHQnuZZWS4URCnxcUxceXc=', 'city/reporter_result_city.php');
INSERT INTO `table_pages`(Table_ID, Page_ID, Path_Filename) VALUES('pcl44WGaRerapbAbZaPRDw', 'alOVwAQ+rL1qGsKXzH3ntUOTsz3+58x/CjrGwNCoLZU=', 'city/edit_city.php');
INSERT INTO `table_pages`(Table_ID, Page_ID, Path_Filename) VALUES('pcl44WGaRerapbAbZaPRDw', 'AoJ17xCURhNmjVr+1xWj5Ipr8Jqf461C5RKOc6oCY5s=', 'city/detailview_city.php');
INSERT INTO `table_pages`(Table_ID, Page_ID, Path_Filename) VALUES('pcl44WGaRerapbAbZaPRDw', 'DMOnHB6R/wc6cXt89xU9OUTRxKMYr7mnlvpUZidmV7g=', 'city/csv_city.php');
INSERT INTO `table_pages`(Table_ID, Page_ID, Path_Filename) VALUES('pcl44WGaRerapbAbZaPRDw', 'EAOGEEl9nxgSOWL/Rb5QoOYKSwEPz/eM8wakTQEEk3o=', 'city/reporter_pdfresult_city.php');
INSERT INTO `table_pages`(Table_ID, Page_ID, Path_Filename) VALUES('pcl44WGaRerapbAbZaPRDw', 'Mv+1k7TH5VAPb74N+qvQCfXbqWhlyILNtEvdMQHKIxA=', 'city/listview_city.php');
INSERT INTO `table_pages`(Table_ID, Page_ID, Path_Filename) VALUES('pcl44WGaRerapbAbZaPRDw', 'qWMTJddAsNYOu7YBrSc/AV79roA/630phvlC4N6Z7KI=', 'city/delete_city.php');
INSERT INTO `table_pages`(Table_ID, Page_ID, Path_Filename) VALUES('pcl44WGaRerapbAbZaPRDw', 'X0JsxS82n8sIFiKwpQCR9c99doOFEsHIxs4pDGZxg+8=', 'city/reporter_city.php');
INSERT INTO `table_pages`(Table_ID, Page_ID, Path_Filename) VALUES('UGoYijf1uPZygkK4aKL3BA', '+nSXSR+3BnhhMmaBfNYLbZW1Klls8lauC+9jhXjFZPg=', 'notification/add_notification.php');
INSERT INTO `table_pages`(Table_ID, Page_ID, Path_Filename) VALUES('UGoYijf1uPZygkK4aKL3BA', '/0CxWVJHlM+Z9jATzhv6vAHQnuZZWS4URCnxcUxceXc=', 'notification/reporter_result_notification.php');
INSERT INTO `table_pages`(Table_ID, Page_ID, Path_Filename) VALUES('UGoYijf1uPZygkK4aKL3BA', 'alOVwAQ+rL1qGsKXzH3ntUOTsz3+58x/CjrGwNCoLZU=', 'notification/edit_notification.php');
INSERT INTO `table_pages`(Table_ID, Page_ID, Path_Filename) VALUES('UGoYijf1uPZygkK4aKL3BA', 'AoJ17xCURhNmjVr+1xWj5Ipr8Jqf461C5RKOc6oCY5s=', 'notification/detailview_notification.php');
INSERT INTO `table_pages`(Table_ID, Page_ID, Path_Filename) VALUES('UGoYijf1uPZygkK4aKL3BA', 'DMOnHB6R/wc6cXt89xU9OUTRxKMYr7mnlvpUZidmV7g=', 'notification/csv_notification.php');
INSERT INTO `table_pages`(Table_ID, Page_ID, Path_Filename) VALUES('UGoYijf1uPZygkK4aKL3BA', 'EAOGEEl9nxgSOWL/Rb5QoOYKSwEPz/eM8wakTQEEk3o=', 'notification/reporter_pdfresult_notification.php');
INSERT INTO `table_pages`(Table_ID, Page_ID, Path_Filename) VALUES('UGoYijf1uPZygkK4aKL3BA', 'Mv+1k7TH5VAPb74N+qvQCfXbqWhlyILNtEvdMQHKIxA=', 'notification/listview_notification.php');
INSERT INTO `table_pages`(Table_ID, Page_ID, Path_Filename) VALUES('UGoYijf1uPZygkK4aKL3BA', 'qWMTJddAsNYOu7YBrSc/AV79roA/630phvlC4N6Z7KI=', 'notification/delete_notification.php');
INSERT INTO `table_pages`(Table_ID, Page_ID, Path_Filename) VALUES('UGoYijf1uPZygkK4aKL3BA', 'X0JsxS82n8sIFiKwpQCR9c99doOFEsHIxs4pDGZxg+8=', 'notification/reporter_notification.php');
INSERT INTO `table_pages`(Table_ID, Page_ID, Path_Filename) VALUES('xkysH6HvJxGLLSd2T3REVA', '+nSXSR+3BnhhMmaBfNYLbZW1Klls8lauC+9jhXjFZPg=', 'official/add_official.php');
INSERT INTO `table_pages`(Table_ID, Page_ID, Path_Filename) VALUES('xkysH6HvJxGLLSd2T3REVA', '/0CxWVJHlM+Z9jATzhv6vAHQnuZZWS4URCnxcUxceXc=', 'official/reporter_result_official.php');
INSERT INTO `table_pages`(Table_ID, Page_ID, Path_Filename) VALUES('xkysH6HvJxGLLSd2T3REVA', 'alOVwAQ+rL1qGsKXzH3ntUOTsz3+58x/CjrGwNCoLZU=', 'official/edit_official.php');
INSERT INTO `table_pages`(Table_ID, Page_ID, Path_Filename) VALUES('xkysH6HvJxGLLSd2T3REVA', 'AoJ17xCURhNmjVr+1xWj5Ipr8Jqf461C5RKOc6oCY5s=', 'official/detailview_official.php');
INSERT INTO `table_pages`(Table_ID, Page_ID, Path_Filename) VALUES('xkysH6HvJxGLLSd2T3REVA', 'DMOnHB6R/wc6cXt89xU9OUTRxKMYr7mnlvpUZidmV7g=', 'official/csv_official.php');
INSERT INTO `table_pages`(Table_ID, Page_ID, Path_Filename) VALUES('xkysH6HvJxGLLSd2T3REVA', 'EAOGEEl9nxgSOWL/Rb5QoOYKSwEPz/eM8wakTQEEk3o=', 'official/reporter_pdfresult_official.php');
INSERT INTO `table_pages`(Table_ID, Page_ID, Path_Filename) VALUES('xkysH6HvJxGLLSd2T3REVA', 'Mv+1k7TH5VAPb74N+qvQCfXbqWhlyILNtEvdMQHKIxA=', 'official/listview_official.php');
INSERT INTO `table_pages`(Table_ID, Page_ID, Path_Filename) VALUES('xkysH6HvJxGLLSd2T3REVA', 'qWMTJddAsNYOu7YBrSc/AV79roA/630phvlC4N6Z7KI=', 'official/delete_official.php');
INSERT INTO `table_pages`(Table_ID, Page_ID, Path_Filename) VALUES('xkysH6HvJxGLLSd2T3REVA', 'X0JsxS82n8sIFiKwpQCR9c99doOFEsHIxs4pDGZxg+8=', 'official/reporter_official.php');
INSERT INTO `table_pages`(Table_ID, Page_ID, Path_Filename) VALUES('x3AlSCd+MSQBJWgb+ieaEA', '+nSXSR+3BnhhMmaBfNYLbZW1Klls8lauC+9jhXjFZPg=', 'province/add_province.php');
INSERT INTO `table_pages`(Table_ID, Page_ID, Path_Filename) VALUES('x3AlSCd+MSQBJWgb+ieaEA', '/0CxWVJHlM+Z9jATzhv6vAHQnuZZWS4URCnxcUxceXc=', 'province/reporter_result_province.php');
INSERT INTO `table_pages`(Table_ID, Page_ID, Path_Filename) VALUES('x3AlSCd+MSQBJWgb+ieaEA', 'alOVwAQ+rL1qGsKXzH3ntUOTsz3+58x/CjrGwNCoLZU=', 'province/edit_province.php');
INSERT INTO `table_pages`(Table_ID, Page_ID, Path_Filename) VALUES('x3AlSCd+MSQBJWgb+ieaEA', 'AoJ17xCURhNmjVr+1xWj5Ipr8Jqf461C5RKOc6oCY5s=', 'province/detailview_province.php');
INSERT INTO `table_pages`(Table_ID, Page_ID, Path_Filename) VALUES('x3AlSCd+MSQBJWgb+ieaEA', 'DMOnHB6R/wc6cXt89xU9OUTRxKMYr7mnlvpUZidmV7g=', 'province/csv_province.php');
INSERT INTO `table_pages`(Table_ID, Page_ID, Path_Filename) VALUES('x3AlSCd+MSQBJWgb+ieaEA', 'EAOGEEl9nxgSOWL/Rb5QoOYKSwEPz/eM8wakTQEEk3o=', 'province/reporter_pdfresult_province.php');
INSERT INTO `table_pages`(Table_ID, Page_ID, Path_Filename) VALUES('x3AlSCd+MSQBJWgb+ieaEA', 'Mv+1k7TH5VAPb74N+qvQCfXbqWhlyILNtEvdMQHKIxA=', 'province/listview_province.php');
INSERT INTO `table_pages`(Table_ID, Page_ID, Path_Filename) VALUES('x3AlSCd+MSQBJWgb+ieaEA', 'qWMTJddAsNYOu7YBrSc/AV79roA/630phvlC4N6Z7KI=', 'province/delete_province.php');
INSERT INTO `table_pages`(Table_ID, Page_ID, Path_Filename) VALUES('x3AlSCd+MSQBJWgb+ieaEA', 'X0JsxS82n8sIFiKwpQCR9c99doOFEsHIxs4pDGZxg+8=', 'province/reporter_province.php');
INSERT INTO `table_pages`(Table_ID, Page_ID, Path_Filename) VALUES('GB0Q7RZu5fE49cK0i9Q+7Q', '+nSXSR+3BnhhMmaBfNYLbZW1Klls8lauC+9jhXjFZPg=', 'region/add_region.php');
INSERT INTO `table_pages`(Table_ID, Page_ID, Path_Filename) VALUES('GB0Q7RZu5fE49cK0i9Q+7Q', '/0CxWVJHlM+Z9jATzhv6vAHQnuZZWS4URCnxcUxceXc=', 'region/reporter_result_region.php');
INSERT INTO `table_pages`(Table_ID, Page_ID, Path_Filename) VALUES('GB0Q7RZu5fE49cK0i9Q+7Q', 'alOVwAQ+rL1qGsKXzH3ntUOTsz3+58x/CjrGwNCoLZU=', 'region/edit_region.php');
INSERT INTO `table_pages`(Table_ID, Page_ID, Path_Filename) VALUES('GB0Q7RZu5fE49cK0i9Q+7Q', 'AoJ17xCURhNmjVr+1xWj5Ipr8Jqf461C5RKOc6oCY5s=', 'region/detailview_region.php');
INSERT INTO `table_pages`(Table_ID, Page_ID, Path_Filename) VALUES('GB0Q7RZu5fE49cK0i9Q+7Q', 'DMOnHB6R/wc6cXt89xU9OUTRxKMYr7mnlvpUZidmV7g=', 'region/csv_region.php');
INSERT INTO `table_pages`(Table_ID, Page_ID, Path_Filename) VALUES('GB0Q7RZu5fE49cK0i9Q+7Q', 'EAOGEEl9nxgSOWL/Rb5QoOYKSwEPz/eM8wakTQEEk3o=', 'region/reporter_pdfresult_region.php');
INSERT INTO `table_pages`(Table_ID, Page_ID, Path_Filename) VALUES('GB0Q7RZu5fE49cK0i9Q+7Q', 'Mv+1k7TH5VAPb74N+qvQCfXbqWhlyILNtEvdMQHKIxA=', 'region/listview_region.php');
INSERT INTO `table_pages`(Table_ID, Page_ID, Path_Filename) VALUES('GB0Q7RZu5fE49cK0i9Q+7Q', 'qWMTJddAsNYOu7YBrSc/AV79roA/630phvlC4N6Z7KI=', 'region/delete_region.php');
INSERT INTO `table_pages`(Table_ID, Page_ID, Path_Filename) VALUES('GB0Q7RZu5fE49cK0i9Q+7Q', 'X0JsxS82n8sIFiKwpQCR9c99doOFEsHIxs4pDGZxg+8=', 'region/reporter_region.php');
INSERT INTO `table_pages`(Table_ID, Page_ID, Path_Filename) VALUES('8vOhn2ORuhNxJpFj7a8QwQ', '+nSXSR+3BnhhMmaBfNYLbZW1Klls8lauC+9jhXjFZPg=', 'request/add_request.php');
INSERT INTO `table_pages`(Table_ID, Page_ID, Path_Filename) VALUES('8vOhn2ORuhNxJpFj7a8QwQ', '/0CxWVJHlM+Z9jATzhv6vAHQnuZZWS4URCnxcUxceXc=', 'request/reporter_result_request.php');
INSERT INTO `table_pages`(Table_ID, Page_ID, Path_Filename) VALUES('8vOhn2ORuhNxJpFj7a8QwQ', 'alOVwAQ+rL1qGsKXzH3ntUOTsz3+58x/CjrGwNCoLZU=', 'request/edit_request.php');
INSERT INTO `table_pages`(Table_ID, Page_ID, Path_Filename) VALUES('8vOhn2ORuhNxJpFj7a8QwQ', 'AoJ17xCURhNmjVr+1xWj5Ipr8Jqf461C5RKOc6oCY5s=', 'request/detailview_request.php');
INSERT INTO `table_pages`(Table_ID, Page_ID, Path_Filename) VALUES('8vOhn2ORuhNxJpFj7a8QwQ', 'DMOnHB6R/wc6cXt89xU9OUTRxKMYr7mnlvpUZidmV7g=', 'request/csv_request.php');
INSERT INTO `table_pages`(Table_ID, Page_ID, Path_Filename) VALUES('8vOhn2ORuhNxJpFj7a8QwQ', 'EAOGEEl9nxgSOWL/Rb5QoOYKSwEPz/eM8wakTQEEk3o=', 'request/reporter_pdfresult_request.php');
INSERT INTO `table_pages`(Table_ID, Page_ID, Path_Filename) VALUES('8vOhn2ORuhNxJpFj7a8QwQ', 'Mv+1k7TH5VAPb74N+qvQCfXbqWhlyILNtEvdMQHKIxA=', 'request/listview_request.php');
INSERT INTO `table_pages`(Table_ID, Page_ID, Path_Filename) VALUES('8vOhn2ORuhNxJpFj7a8QwQ', 'qWMTJddAsNYOu7YBrSc/AV79roA/630phvlC4N6Z7KI=', 'request/delete_request.php');
INSERT INTO `table_pages`(Table_ID, Page_ID, Path_Filename) VALUES('8vOhn2ORuhNxJpFj7a8QwQ', 'X0JsxS82n8sIFiKwpQCR9c99doOFEsHIxs4pDGZxg+8=', 'request/reporter_request.php');
INSERT INTO `table_pages`(Table_ID, Page_ID, Path_Filename) VALUES('nmbVh8cTNAERRSM0wIEn9Q', '+nSXSR+3BnhhMmaBfNYLbZW1Klls8lauC+9jhXjFZPg=', 'request/add_request_has_requirement.php');
INSERT INTO `table_pages`(Table_ID, Page_ID, Path_Filename) VALUES('nmbVh8cTNAERRSM0wIEn9Q', '/0CxWVJHlM+Z9jATzhv6vAHQnuZZWS4URCnxcUxceXc=', 'request/reporter_result_request_has_requirement.php');
INSERT INTO `table_pages`(Table_ID, Page_ID, Path_Filename) VALUES('nmbVh8cTNAERRSM0wIEn9Q', 'alOVwAQ+rL1qGsKXzH3ntUOTsz3+58x/CjrGwNCoLZU=', 'request/edit_request_has_requirement.php');
INSERT INTO `table_pages`(Table_ID, Page_ID, Path_Filename) VALUES('nmbVh8cTNAERRSM0wIEn9Q', 'AoJ17xCURhNmjVr+1xWj5Ipr8Jqf461C5RKOc6oCY5s=', 'request/detailview_request_has_requirement.php');
INSERT INTO `table_pages`(Table_ID, Page_ID, Path_Filename) VALUES('nmbVh8cTNAERRSM0wIEn9Q', 'DMOnHB6R/wc6cXt89xU9OUTRxKMYr7mnlvpUZidmV7g=', 'request/csv_request_has_requirement.php');
INSERT INTO `table_pages`(Table_ID, Page_ID, Path_Filename) VALUES('nmbVh8cTNAERRSM0wIEn9Q', 'EAOGEEl9nxgSOWL/Rb5QoOYKSwEPz/eM8wakTQEEk3o=', 'request/reporter_pdfresult_request_has_requirement.php');
INSERT INTO `table_pages`(Table_ID, Page_ID, Path_Filename) VALUES('nmbVh8cTNAERRSM0wIEn9Q', 'Mv+1k7TH5VAPb74N+qvQCfXbqWhlyILNtEvdMQHKIxA=', 'request/listview_request_has_requirement.php');
INSERT INTO `table_pages`(Table_ID, Page_ID, Path_Filename) VALUES('nmbVh8cTNAERRSM0wIEn9Q', 'qWMTJddAsNYOu7YBrSc/AV79roA/630phvlC4N6Z7KI=', 'request/delete_request_has_requirement.php');
INSERT INTO `table_pages`(Table_ID, Page_ID, Path_Filename) VALUES('nmbVh8cTNAERRSM0wIEn9Q', 'X0JsxS82n8sIFiKwpQCR9c99doOFEsHIxs4pDGZxg+8=', 'request/reporter_request_has_requirement.php');
INSERT INTO `table_pages`(Table_ID, Page_ID, Path_Filename) VALUES('nmtwEtRPmkvjrEu8/qsjaw', '+nSXSR+3BnhhMmaBfNYLbZW1Klls8lauC+9jhXjFZPg=', 'requirement/add_requirement.php');
INSERT INTO `table_pages`(Table_ID, Page_ID, Path_Filename) VALUES('nmtwEtRPmkvjrEu8/qsjaw', '/0CxWVJHlM+Z9jATzhv6vAHQnuZZWS4URCnxcUxceXc=', 'requirement/reporter_result_requirement.php');
INSERT INTO `table_pages`(Table_ID, Page_ID, Path_Filename) VALUES('nmtwEtRPmkvjrEu8/qsjaw', 'alOVwAQ+rL1qGsKXzH3ntUOTsz3+58x/CjrGwNCoLZU=', 'requirement/edit_requirement.php');
INSERT INTO `table_pages`(Table_ID, Page_ID, Path_Filename) VALUES('nmtwEtRPmkvjrEu8/qsjaw', 'AoJ17xCURhNmjVr+1xWj5Ipr8Jqf461C5RKOc6oCY5s=', 'requirement/detailview_requirement.php');
INSERT INTO `table_pages`(Table_ID, Page_ID, Path_Filename) VALUES('nmtwEtRPmkvjrEu8/qsjaw', 'DMOnHB6R/wc6cXt89xU9OUTRxKMYr7mnlvpUZidmV7g=', 'requirement/csv_requirement.php');
INSERT INTO `table_pages`(Table_ID, Page_ID, Path_Filename) VALUES('nmtwEtRPmkvjrEu8/qsjaw', 'EAOGEEl9nxgSOWL/Rb5QoOYKSwEPz/eM8wakTQEEk3o=', 'requirement/reporter_pdfresult_requirement.php');
INSERT INTO `table_pages`(Table_ID, Page_ID, Path_Filename) VALUES('nmtwEtRPmkvjrEu8/qsjaw', 'Mv+1k7TH5VAPb74N+qvQCfXbqWhlyILNtEvdMQHKIxA=', 'requirement/listview_requirement.php');
INSERT INTO `table_pages`(Table_ID, Page_ID, Path_Filename) VALUES('nmtwEtRPmkvjrEu8/qsjaw', 'qWMTJddAsNYOu7YBrSc/AV79roA/630phvlC4N6Z7KI=', 'requirement/delete_requirement.php');
INSERT INTO `table_pages`(Table_ID, Page_ID, Path_Filename) VALUES('nmtwEtRPmkvjrEu8/qsjaw', 'X0JsxS82n8sIFiKwpQCR9c99doOFEsHIxs4pDGZxg+8=', 'requirement/reporter_requirement.php');
INSERT INTO `table_pages`(Table_ID, Page_ID, Path_Filename) VALUES('RetMn8vVODRi4ThYc8FCVA', '+nSXSR+3BnhhMmaBfNYLbZW1Klls8lauC+9jhXjFZPg=', 'service/add_service.php');
INSERT INTO `table_pages`(Table_ID, Page_ID, Path_Filename) VALUES('RetMn8vVODRi4ThYc8FCVA', '/0CxWVJHlM+Z9jATzhv6vAHQnuZZWS4URCnxcUxceXc=', 'service/reporter_result_service.php');
INSERT INTO `table_pages`(Table_ID, Page_ID, Path_Filename) VALUES('RetMn8vVODRi4ThYc8FCVA', 'alOVwAQ+rL1qGsKXzH3ntUOTsz3+58x/CjrGwNCoLZU=', 'service/edit_service.php');
INSERT INTO `table_pages`(Table_ID, Page_ID, Path_Filename) VALUES('RetMn8vVODRi4ThYc8FCVA', 'AoJ17xCURhNmjVr+1xWj5Ipr8Jqf461C5RKOc6oCY5s=', 'service/detailview_service.php');
INSERT INTO `table_pages`(Table_ID, Page_ID, Path_Filename) VALUES('RetMn8vVODRi4ThYc8FCVA', 'DMOnHB6R/wc6cXt89xU9OUTRxKMYr7mnlvpUZidmV7g=', 'service/csv_service.php');
INSERT INTO `table_pages`(Table_ID, Page_ID, Path_Filename) VALUES('RetMn8vVODRi4ThYc8FCVA', 'EAOGEEl9nxgSOWL/Rb5QoOYKSwEPz/eM8wakTQEEk3o=', 'service/reporter_pdfresult_service.php');
INSERT INTO `table_pages`(Table_ID, Page_ID, Path_Filename) VALUES('RetMn8vVODRi4ThYc8FCVA', 'Mv+1k7TH5VAPb74N+qvQCfXbqWhlyILNtEvdMQHKIxA=', 'service/listview_service.php');
INSERT INTO `table_pages`(Table_ID, Page_ID, Path_Filename) VALUES('RetMn8vVODRi4ThYc8FCVA', 'qWMTJddAsNYOu7YBrSc/AV79roA/630phvlC4N6Z7KI=', 'service/delete_service.php');
INSERT INTO `table_pages`(Table_ID, Page_ID, Path_Filename) VALUES('RetMn8vVODRi4ThYc8FCVA', 'X0JsxS82n8sIFiKwpQCR9c99doOFEsHIxs4pDGZxg+8=', 'service/reporter_service.php');
INSERT INTO `table_pages`(Table_ID, Page_ID, Path_Filename) VALUES('fWWWOpaZCVXE+q5P4kM0Hg', '+nSXSR+3BnhhMmaBfNYLbZW1Klls8lauC+9jhXjFZPg=', 'citizen/add_validate.php');
INSERT INTO `table_pages`(Table_ID, Page_ID, Path_Filename) VALUES('fWWWOpaZCVXE+q5P4kM0Hg', '/0CxWVJHlM+Z9jATzhv6vAHQnuZZWS4URCnxcUxceXc=', 'citizen/reporter_result_validate.php');
INSERT INTO `table_pages`(Table_ID, Page_ID, Path_Filename) VALUES('fWWWOpaZCVXE+q5P4kM0Hg', 'alOVwAQ+rL1qGsKXzH3ntUOTsz3+58x/CjrGwNCoLZU=', 'citizen/edit_validate.php');
INSERT INTO `table_pages`(Table_ID, Page_ID, Path_Filename) VALUES('fWWWOpaZCVXE+q5P4kM0Hg', 'AoJ17xCURhNmjVr+1xWj5Ipr8Jqf461C5RKOc6oCY5s=', 'citizen/detailview_validate.php');
INSERT INTO `table_pages`(Table_ID, Page_ID, Path_Filename) VALUES('fWWWOpaZCVXE+q5P4kM0Hg', 'DMOnHB6R/wc6cXt89xU9OUTRxKMYr7mnlvpUZidmV7g=', 'citizen/csv_validate.php');
INSERT INTO `table_pages`(Table_ID, Page_ID, Path_Filename) VALUES('fWWWOpaZCVXE+q5P4kM0Hg', 'EAOGEEl9nxgSOWL/Rb5QoOYKSwEPz/eM8wakTQEEk3o=', 'citizen/reporter_pdfresult_validate.php');
INSERT INTO `table_pages`(Table_ID, Page_ID, Path_Filename) VALUES('fWWWOpaZCVXE+q5P4kM0Hg', 'Mv+1k7TH5VAPb74N+qvQCfXbqWhlyILNtEvdMQHKIxA=', 'citizen/listview_validate.php');
INSERT INTO `table_pages`(Table_ID, Page_ID, Path_Filename) VALUES('fWWWOpaZCVXE+q5P4kM0Hg', 'qWMTJddAsNYOu7YBrSc/AV79roA/630phvlC4N6Z7KI=', 'citizen/delete_validate.php');
INSERT INTO `table_pages`(Table_ID, Page_ID, Path_Filename) VALUES('fWWWOpaZCVXE+q5P4kM0Hg', 'X0JsxS82n8sIFiKwpQCR9c99doOFEsHIxs4pDGZxg+8=', 'citizen/reporter_validate.php');
INSERT INTO `table_pages`(Table_ID, Page_ID, Path_Filename) VALUES('sizcBfeFeCAAPWLgk0pwag', '+nSXSR+3BnhhMmaBfNYLbZW1Klls8lauC+9jhXjFZPg=', 'zone/add_zone.php');
INSERT INTO `table_pages`(Table_ID, Page_ID, Path_Filename) VALUES('sizcBfeFeCAAPWLgk0pwag', '/0CxWVJHlM+Z9jATzhv6vAHQnuZZWS4URCnxcUxceXc=', 'zone/reporter_result_zone.php');
INSERT INTO `table_pages`(Table_ID, Page_ID, Path_Filename) VALUES('sizcBfeFeCAAPWLgk0pwag', 'alOVwAQ+rL1qGsKXzH3ntUOTsz3+58x/CjrGwNCoLZU=', 'zone/edit_zone.php');
INSERT INTO `table_pages`(Table_ID, Page_ID, Path_Filename) VALUES('sizcBfeFeCAAPWLgk0pwag', 'AoJ17xCURhNmjVr+1xWj5Ipr8Jqf461C5RKOc6oCY5s=', 'zone/detailview_zone.php');
INSERT INTO `table_pages`(Table_ID, Page_ID, Path_Filename) VALUES('sizcBfeFeCAAPWLgk0pwag', 'DMOnHB6R/wc6cXt89xU9OUTRxKMYr7mnlvpUZidmV7g=', 'zone/csv_zone.php');
INSERT INTO `table_pages`(Table_ID, Page_ID, Path_Filename) VALUES('sizcBfeFeCAAPWLgk0pwag', 'EAOGEEl9nxgSOWL/Rb5QoOYKSwEPz/eM8wakTQEEk3o=', 'zone/reporter_pdfresult_zone.php');
INSERT INTO `table_pages`(Table_ID, Page_ID, Path_Filename) VALUES('sizcBfeFeCAAPWLgk0pwag', 'Mv+1k7TH5VAPb74N+qvQCfXbqWhlyILNtEvdMQHKIxA=', 'zone/listview_zone.php');
INSERT INTO `table_pages`(Table_ID, Page_ID, Path_Filename) VALUES('sizcBfeFeCAAPWLgk0pwag', 'qWMTJddAsNYOu7YBrSc/AV79roA/630phvlC4N6Z7KI=', 'zone/delete_zone.php');
INSERT INTO `table_pages`(Table_ID, Page_ID, Path_Filename) VALUES('sizcBfeFeCAAPWLgk0pwag', 'X0JsxS82n8sIFiKwpQCR9c99doOFEsHIxs4pDGZxg+8=', 'zone/reporter_zone.php');


INSERT INTO `table_relations`(Relation_ID, Project_ID, Relation, Parent_Field_ID, Child_Field_ID, Label, Child_Field_Subtext) VALUES('klHrEnx+VPYhwxK7DhQq5A', 'tl05Ti9Zu+yEKfnKwsEg6g', 'ONE-to-ONE', 'cHo/nvf3Q/khtTuE9ZTcmw', 'Q9+HlJold/JFXijpZa01KQ', 'citizen=>official', 'first_name,middle_name,last_name');
INSERT INTO `table_relations`(Relation_ID, Project_ID, Relation, Parent_Field_ID, Child_Field_ID, Label, Child_Field_Subtext) VALUES('zO6Ep7qnNkJ+WrIYQTpFNA', 'tl05Ti9Zu+yEKfnKwsEg6g', 'ONE-to-ONE', 'kksp9jS2h5jmYH1pKg8BYQ', 'zUI65Og69DOpMZt4h7iQzg', 'city=>barangay', 'city_name');
INSERT INTO `table_relations`(Relation_ID, Project_ID, Relation, Parent_Field_ID, Child_Field_ID, Label, Child_Field_Subtext) VALUES('X34GejHts5n3RGPZeGUA1g', 'tl05Ti9Zu+yEKfnKwsEg6g', 'ONE-to-ONE', 'cHo/nvf3Q/khtTuE9ZTcmw', 'G0Z0U3WeQKPRU8e8wdOzWQ', 'citizen=>notification', 'first_name,middle_name,last_name');
INSERT INTO `table_relations`(Relation_ID, Project_ID, Relation, Parent_Field_ID, Child_Field_ID, Label, Child_Field_Subtext) VALUES('nKsBOlTqxT0+loqsuVzmSA', 'tl05Ti9Zu+yEKfnKwsEg6g', 'ONE-to-ONE', 'Jlqi6NVsrCe5h9Yld/xz8w', 'H84dM/cy+Ep+Z6COB5Mw9w', 'barangay=>citizen', 'barangay_name');
INSERT INTO `table_relations`(Relation_ID, Project_ID, Relation, Parent_Field_ID, Child_Field_ID, Label, Child_Field_Subtext) VALUES('D+8blWQyUEemzutIKum4qg', 'tl05Ti9Zu+yEKfnKwsEg6g', 'ONE-to-ONE', 'kksp9jS2h5jmYH1pKg8BYQ', 'V/Ci7v2oPGROR0+GJjv2bQ', 'city=>citizen', 'city_name');
INSERT INTO `table_relations`(Relation_ID, Project_ID, Relation, Parent_Field_ID, Child_Field_ID, Label, Child_Field_Subtext) VALUES('zERZyCg0tAU37JLchOqawA', 'tl05Ti9Zu+yEKfnKwsEg6g', 'ONE-to-ONE', 'DaCaF/LNAD+NrntWVERRAA', '5//5txbJyXTTfLfirfpaHg', 'province=>city', 'province_name');
INSERT INTO `table_relations`(Relation_ID, Project_ID, Relation, Parent_Field_ID, Child_Field_ID, Label, Child_Field_Subtext) VALUES('ZX8Rf42Lh3cY/X4YV9VfTg', 'tl05Ti9Zu+yEKfnKwsEg6g', 'ONE-to-ONE', 'DaCaF/LNAD+NrntWVERRAA', 'Ip2EeaXbcIbQuzsZ8BAXcQ', 'province=>citizen', 'province_name');
INSERT INTO `table_relations`(Relation_ID, Project_ID, Relation, Parent_Field_ID, Child_Field_ID, Label, Child_Field_Subtext) VALUES('Ts03wnSkBkJH2Scq/FGTig', 'tl05Ti9Zu+yEKfnKwsEg6g', 'ONE-to-ONE', 'TgmwlovJin+MKDkuHeY75w', 'UK6aBxDF1ZUCunHHWF8Ypw', 'region=>citizen', 'region_name');
INSERT INTO `table_relations`(Relation_ID, Project_ID, Relation, Parent_Field_ID, Child_Field_ID, Label, Child_Field_Subtext) VALUES('oV9LqODGwyL9cowjDFnmkg', 'tl05Ti9Zu+yEKfnKwsEg6g', 'ONE-to-ONE', 'TgmwlovJin+MKDkuHeY75w', 'iAKNZw1+MJiWreQbewFQkw', 'region=>province', 'region_name');
INSERT INTO `table_relations`(Relation_ID, Project_ID, Relation, Parent_Field_ID, Child_Field_ID, Label, Child_Field_Subtext) VALUES('X9N9cC+wTvT8btiWWucq/Q', 'tl05Ti9Zu+yEKfnKwsEg6g', 'ONE-to-MANY', 'lHtPbk/+hibdx5bKdqffvQ', '/uqCG7F+eXHD039Y2V7DgQ', 'request=>request_has_requirement', '');
INSERT INTO `table_relations`(Relation_ID, Project_ID, Relation, Parent_Field_ID, Child_Field_ID, Label, Child_Field_Subtext) VALUES('myDlNO0OZfJ7GzlL19zaig', 'tl05Ti9Zu+yEKfnKwsEg6g', 'ONE-to-ONE', 'RdeA40JoKmPRVvS/jw7hkg', 'm/IsstLbGToF3K2RtXtxMQ', 'service=>requirement', 'service_name');
INSERT INTO `table_relations`(Relation_ID, Project_ID, Relation, Parent_Field_ID, Child_Field_ID, Label, Child_Field_Subtext) VALUES('OJkZkxxBKz501yvg3XiWiA', 'tl05Ti9Zu+yEKfnKwsEg6g', 'ONE-to-ONE', 'cHo/nvf3Q/khtTuE9ZTcmw', 'uG2OgNC0dTQelamNTpyjoQ', 'citizen=>validate', 'first_name,middle_name,last_name');
INSERT INTO `table_relations`(Relation_ID, Project_ID, Relation, Parent_Field_ID, Child_Field_ID, Label, Child_Field_Subtext) VALUES('DfUL/GOBFNbTWaqG9Dntdg', 'tl05Ti9Zu+yEKfnKwsEg6g', 'ONE-to-ONE', 'lHtPbk/+hibdx5bKdqffvQ', '/uqCG7F+eXHD039Y2V7DgQ', 'request=>request_has_requirement', 'request_id');
INSERT INTO `table_relations`(Relation_ID, Project_ID, Relation, Parent_Field_ID, Child_Field_ID, Label, Child_Field_Subtext) VALUES('F2D7FU6fn3YUr3utqsq1Ww', 'tl05Ti9Zu+yEKfnKwsEg6g', 'ONE-to-ONE', 'RdeA40JoKmPRVvS/jw7hkg', 'CuHbgKcUmiLtu4hZ1zyOKg', 'service=>request', 'service_name');
INSERT INTO `table_relations`(Relation_ID, Project_ID, Relation, Parent_Field_ID, Child_Field_ID, Label, Child_Field_Subtext) VALUES('+l7GnKIG9W6hq95Q5TJIRg', 'tl05Ti9Zu+yEKfnKwsEg6g', 'ONE-to-ONE', 'cHo/nvf3Q/khtTuE9ZTcmw', '7230OIL1TXCgaX1dKca3kg', 'citizen=>request', 'first_name,middle_name,last_name');
INSERT INTO `table_relations`(Relation_ID, Project_ID, Relation, Parent_Field_ID, Child_Field_ID, Label, Child_Field_Subtext) VALUES('ASBhPFnmaMJM2jQFq2UPWw', 'tl05Ti9Zu+yEKfnKwsEg6g', 'ONE-to-MANY', 'cHo/nvf3Q/khtTuE9ZTcmw', 'uG2OgNC0dTQelamNTpyjoQ', 'citizen=>validate', '');
INSERT INTO `table_relations`(Relation_ID, Project_ID, Relation, Parent_Field_ID, Child_Field_ID, Label, Child_Field_Subtext) VALUES('0UvPndujI33Vwg3iXBLgSQ', 'tl05Ti9Zu+yEKfnKwsEg6g', 'ONE-to-ONE', 'Jlqi6NVsrCe5h9Yld/xz8w', 'whhJ2IzCZDHy6idMgRuI5w', 'barangay=>zone', 'barangay_name');


INSERT INTO `table_fields_predefined_list`(List_ID, Project_ID, List_Name, Remarks) VALUES('xU2EOzkpO45LTbiuI+pMtg', 'tl05Ti9Zu+yEKfnKwsEg6g', 'Male/Female', 'Male/Female gender list');
INSERT INTO `table_fields_predefined_list`(List_ID, Project_ID, List_Name, Remarks) VALUES('4to6m4+hY9QX2ngP0+6Szg', 'tl05Ti9Zu+yEKfnKwsEg6g', 'On/Off', 'On/Off status list');
INSERT INTO `table_fields_predefined_list`(List_ID, Project_ID, List_Name, Remarks) VALUES('WwZwuqCXEA2F+tP4PqIj4A', 'tl05Ti9Zu+yEKfnKwsEg6g', 'TRUE/FALSE', 'TRUE/FALSE list');
INSERT INTO `table_fields_predefined_list`(List_ID, Project_ID, List_Name, Remarks) VALUES('iOG2mArXQBvw5vz5W6QuYg', 'tl05Ti9Zu+yEKfnKwsEg6g', 'M/F', 'Single character male/female gender list');
INSERT INTO `table_fields_predefined_list`(List_ID, Project_ID, List_Name, Remarks) VALUES('BtHsaDrhY32mojB4JSJpGg', 'tl05Ti9Zu+yEKfnKwsEg6g', 'Yes/No', 'Yes/No list');
INSERT INTO `table_fields_predefined_list`(List_ID, Project_ID, List_Name, Remarks) VALUES('Yy7KrS3GL14d3P1rLM7EaA', 'tl05Ti9Zu+yEKfnKwsEg6g', 'Y/N', 'Single character yes/no list');
INSERT INTO `table_fields_predefined_list`(List_ID, Project_ID, List_Name, Remarks) VALUES('OXApXCXrQ0o29Tim2Ab/AA', 'tl05Ti9Zu+yEKfnKwsEg6g', 'civil status', 'civil status');
INSERT INTO `table_fields_predefined_list`(List_ID, Project_ID, List_Name, Remarks) VALUES('LSyaOqtoqXV6l3Ikzulpew', 'tl05Ti9Zu+yEKfnKwsEg6g', 'Region', '.');
INSERT INTO `table_fields_predefined_list`(List_ID, Project_ID, List_Name, Remarks) VALUES('kN5/C+bWX4OKBFbQg76/sg', 'tl05Ti9Zu+yEKfnKwsEg6g', 'Position', 'Officials position');
INSERT INTO `table_fields_predefined_list`(List_ID, Project_ID, List_Name, Remarks) VALUES('cTXvZ82is1Q3KJrEgQLZ8g', 'tl05Ti9Zu+yEKfnKwsEg6g', 'status', 'status of request');
INSERT INTO `table_fields_predefined_list`(List_ID, Project_ID, List_Name, Remarks) VALUES('XC1i0GotE5lwgiQJB/gGuQ', 'tl05Ti9Zu+yEKfnKwsEg6g', 'category', 'category of the bulletin');


INSERT INTO `table_fields_predefined_list_items`(List_ID, Number, List_Item) VALUES('xU2EOzkpO45LTbiuI+pMtg', '1', 'Male');
INSERT INTO `table_fields_predefined_list_items`(List_ID, Number, List_Item) VALUES('xU2EOzkpO45LTbiuI+pMtg', '2', 'Female');
INSERT INTO `table_fields_predefined_list_items`(List_ID, Number, List_Item) VALUES('4to6m4+hY9QX2ngP0+6Szg', '1', 'On');
INSERT INTO `table_fields_predefined_list_items`(List_ID, Number, List_Item) VALUES('4to6m4+hY9QX2ngP0+6Szg', '2', 'Off');
INSERT INTO `table_fields_predefined_list_items`(List_ID, Number, List_Item) VALUES('WwZwuqCXEA2F+tP4PqIj4A', '1', 'TRUE');
INSERT INTO `table_fields_predefined_list_items`(List_ID, Number, List_Item) VALUES('WwZwuqCXEA2F+tP4PqIj4A', '2', 'FALSE');
INSERT INTO `table_fields_predefined_list_items`(List_ID, Number, List_Item) VALUES('iOG2mArXQBvw5vz5W6QuYg', '1', 'M');
INSERT INTO `table_fields_predefined_list_items`(List_ID, Number, List_Item) VALUES('iOG2mArXQBvw5vz5W6QuYg', '2', 'F');
INSERT INTO `table_fields_predefined_list_items`(List_ID, Number, List_Item) VALUES('BtHsaDrhY32mojB4JSJpGg', '1', 'Yes');
INSERT INTO `table_fields_predefined_list_items`(List_ID, Number, List_Item) VALUES('BtHsaDrhY32mojB4JSJpGg', '2', 'No');
INSERT INTO `table_fields_predefined_list_items`(List_ID, Number, List_Item) VALUES('Yy7KrS3GL14d3P1rLM7EaA', '1', 'Y');
INSERT INTO `table_fields_predefined_list_items`(List_ID, Number, List_Item) VALUES('Yy7KrS3GL14d3P1rLM7EaA', '2', 'N');
INSERT INTO `table_fields_predefined_list_items`(List_ID, Number, List_Item) VALUES('OXApXCXrQ0o29Tim2Ab/AA', '1', 'Single');
INSERT INTO `table_fields_predefined_list_items`(List_ID, Number, List_Item) VALUES('OXApXCXrQ0o29Tim2Ab/AA', '2', 'Married');
INSERT INTO `table_fields_predefined_list_items`(List_ID, Number, List_Item) VALUES('OXApXCXrQ0o29Tim2Ab/AA', '3', 'Widowed');
INSERT INTO `table_fields_predefined_list_items`(List_ID, Number, List_Item) VALUES('OXApXCXrQ0o29Tim2Ab/AA', '4', 'Divorced');
INSERT INTO `table_fields_predefined_list_items`(List_ID, Number, List_Item) VALUES('OXApXCXrQ0o29Tim2Ab/AA', '5', 'Living common law');
INSERT INTO `table_fields_predefined_list_items`(List_ID, Number, List_Item) VALUES('OXApXCXrQ0o29Tim2Ab/AA', '6', 'Separated');
INSERT INTO `table_fields_predefined_list_items`(List_ID, Number, List_Item) VALUES('LSyaOqtoqXV6l3Ikzulpew', '1', 'National Capital Region (NCR)');
INSERT INTO `table_fields_predefined_list_items`(List_ID, Number, List_Item) VALUES('LSyaOqtoqXV6l3Ikzulpew', '2', 'Ilocos Region(Region I)');
INSERT INTO `table_fields_predefined_list_items`(List_ID, Number, List_Item) VALUES('LSyaOqtoqXV6l3Ikzulpew', '3', 'Cordillera Administrative Region(CAR)');
INSERT INTO `table_fields_predefined_list_items`(List_ID, Number, List_Item) VALUES('LSyaOqtoqXV6l3Ikzulpew', '4', 'Cagayan Valley(Region II)');
INSERT INTO `table_fields_predefined_list_items`(List_ID, Number, List_Item) VALUES('LSyaOqtoqXV6l3Ikzulpew', '5', 'Central Luzon(Region III)');
INSERT INTO `table_fields_predefined_list_items`(List_ID, Number, List_Item) VALUES('LSyaOqtoqXV6l3Ikzulpew', '6', 'CALABARZON(Region IV-A)');
INSERT INTO `table_fields_predefined_list_items`(List_ID, Number, List_Item) VALUES('LSyaOqtoqXV6l3Ikzulpew', '7', 'MIMAROPA(Region IV-B)');
INSERT INTO `table_fields_predefined_list_items`(List_ID, Number, List_Item) VALUES('LSyaOqtoqXV6l3Ikzulpew', '8', 'Bicol Region(Region V)');
INSERT INTO `table_fields_predefined_list_items`(List_ID, Number, List_Item) VALUES('LSyaOqtoqXV6l3Ikzulpew', '9', 'Western Visayas(Region VI)');
INSERT INTO `table_fields_predefined_list_items`(List_ID, Number, List_Item) VALUES('LSyaOqtoqXV6l3Ikzulpew', '10', 'Negros IslandRegion(NIR or Region XVIII)');
INSERT INTO `table_fields_predefined_list_items`(List_ID, Number, List_Item) VALUES('LSyaOqtoqXV6l3Ikzulpew', '11', 'Central Visayas(Region VII)');
INSERT INTO `table_fields_predefined_list_items`(List_ID, Number, List_Item) VALUES('LSyaOqtoqXV6l3Ikzulpew', '12', 'Eastern Visayas(Region VIII)');
INSERT INTO `table_fields_predefined_list_items`(List_ID, Number, List_Item) VALUES('LSyaOqtoqXV6l3Ikzulpew', '13', 'ZamboangaPeninsula(Region IX)');
INSERT INTO `table_fields_predefined_list_items`(List_ID, Number, List_Item) VALUES('LSyaOqtoqXV6l3Ikzulpew', '14', 'Northern Mindanao(Region X)');
INSERT INTO `table_fields_predefined_list_items`(List_ID, Number, List_Item) VALUES('LSyaOqtoqXV6l3Ikzulpew', '15', 'Caraga(Region XIII)');
INSERT INTO `table_fields_predefined_list_items`(List_ID, Number, List_Item) VALUES('LSyaOqtoqXV6l3Ikzulpew', '16', 'Davao Region(Region XI)');
INSERT INTO `table_fields_predefined_list_items`(List_ID, Number, List_Item) VALUES('LSyaOqtoqXV6l3Ikzulpew', '17', 'SOCCSKSARGEN(Region XII)');
INSERT INTO `table_fields_predefined_list_items`(List_ID, Number, List_Item) VALUES('LSyaOqtoqXV6l3Ikzulpew', '18', 'Autonomous Regionin Muslim Mindanao(ARMM)');
INSERT INTO `table_fields_predefined_list_items`(List_ID, Number, List_Item) VALUES('kN5/C+bWX4OKBFbQg76/sg', '1', 'Barangay Chairman');
INSERT INTO `table_fields_predefined_list_items`(List_ID, Number, List_Item) VALUES('kN5/C+bWX4OKBFbQg76/sg', '2', 'Barangay Secretary');
INSERT INTO `table_fields_predefined_list_items`(List_ID, Number, List_Item) VALUES('kN5/C+bWX4OKBFbQg76/sg', '3', 'Barangay Treasurer');
INSERT INTO `table_fields_predefined_list_items`(List_ID, Number, List_Item) VALUES('kN5/C+bWX4OKBFbQg76/sg', '4', 'SK Chairman');
INSERT INTO `table_fields_predefined_list_items`(List_ID, Number, List_Item) VALUES('kN5/C+bWX4OKBFbQg76/sg', '5', 'SK Scretary');
INSERT INTO `table_fields_predefined_list_items`(List_ID, Number, List_Item) VALUES('kN5/C+bWX4OKBFbQg76/sg', '6', 'SK Treasurer');
INSERT INTO `table_fields_predefined_list_items`(List_ID, Number, List_Item) VALUES('cTXvZ82is1Q3KJrEgQLZ8g', '1', 'Accepted');
INSERT INTO `table_fields_predefined_list_items`(List_ID, Number, List_Item) VALUES('cTXvZ82is1Q3KJrEgQLZ8g', '2', 'Not Accepted');
INSERT INTO `table_fields_predefined_list_items`(List_ID, Number, List_Item) VALUES('cTXvZ82is1Q3KJrEgQLZ8g', '3', 'Wait list');
INSERT INTO `table_fields_predefined_list_items`(List_ID, Number, List_Item) VALUES('XC1i0GotE5lwgiQJB/gGuQ', '1', 'Education');
INSERT INTO `table_fields_predefined_list_items`(List_ID, Number, List_Item) VALUES('XC1i0GotE5lwgiQJB/gGuQ', '2', 'Health');
INSERT INTO `table_fields_predefined_list_items`(List_ID, Number, List_Item) VALUES('XC1i0GotE5lwgiQJB/gGuQ', '3', 'Information');
INSERT INTO `table_fields_predefined_list_items`(List_ID, Number, List_Item) VALUES('XC1i0GotE5lwgiQJB/gGuQ', '4', 'Main Event');


